gene	criterion	strength	value	status	note	vcep	spec	spec_status	diseases	inheritance	flag	source_text
ABCA4	BA1	Stand Alone	0.163	ok		ABCA4 Variant Curation Expert Panel 	GN164	Released	MONDO:0800406	AR	looser than the 0.05 default	Gprmax allele frequency cutoff of greater than 0.163 in gnomAD.
ABCA4	BS1	Strong	0.0163	ok		ABCA4 Variant Curation Expert Panel 	GN164	Released	MONDO:0800406	AR	looser than the 0.005 default	Grpmax allele frequency cutoff of greater than 0.0163 in gnomAD.
ABCA4	PM2	Supporting	0.0001	ok		ABCA4 Variant Curation Expert Panel 	GN164	Released	MONDO:0800406	AR		Total MAF <0.0001 in gnomAD.
ABCD1	BA1	Stand Alone	0.00017	ok		Peroxisomal Disorders Variant Curation Expert Panel 	GN105	Released	MONDO:0018544	AR	294x tighter than the 0.05 default	Use a Total Grpmax filtering allele frequency (FAF) cutoff of ≥0.017% (0.00017) from the most resent version of gnomAD. This frequency was calculated using the Whiffen-Ware calculator with a prevalence estimated at 1 in 5000 (actual prevalence in hemizygotes and heterozygotes is reported to be 1 in 16800, GeneReviews, Bezman et al 2001; however, a more conservative BA1 was designated based on a va
ABCD1	BS1	Strong	1.7e-05	ok		Peroxisomal Disorders Variant Curation Expert Panel 	GN105	Released	MONDO:0018544	AR	294x tighter than the 0.005 default	Use a Total Grpmax filtering allele frequency (FAF) cutoff of ≥0.0017% (0.000017) from the most recent version of gnomAD. This frequency was calculated using the Whiffen-Ware calculator with a prevalence estimated at 1 in 50000 (upper limit of prevalence range in hemizygotes; GeneReviews), penetrance at 60% (based on penetrance in heterozygotes by expert judgment, maximum allelic contribution and 
ABCD1	PM2	Supporting	1.7e-06	ok		Peroxisomal Disorders Variant Curation Expert Panel 	GN105	Released	MONDO:0018544	AR		PM2Supporting can be applied if the variant is absent in hemizygotes AND has a maximum allele frequency of <0.00017% (0.0000017) in heterozygotes in the latest version of gnomAD. Use the highest population MAF from a non-bottleneck population from the latest version of gnomAD.
ACADVL	BA1	Stand Alone	0.007	ok		ACADVL Variant Curation Expert Panel	GN021	Released	MONDO:0008723	AR		Variants with a highest population minor allele frequency (MAF) ≥0.007 (0.7%) in any continental population with >2000 alleles in gnomAD will meet BA1. Calculated using the Prevalence of 1:30,000, Allelic Contribution of 1, Genetic Contribution of 1, and Penetrance of 0.75 to allow for mild VLCADD that may develop in adulthood.
ACADVL	BS1	Strong	0.0035	ok		ACADVL Variant Curation Expert Panel	GN021	Released	MONDO:0008723	AR		Variants with a highest population minor allele frequency (MAF) ≥0.0035 (0.35%) in any continental population with >2000 alleles in gnomAD will meet BS1. Calculated using the Prevalence of 1:30,000, Allelic Contribution of 0.5, Genetic Contribution of 1, and Penetrance of 0.75 to allow for mild VLCAD that may develop in adulthood.
ACADVL	PM2	Supporting		no-threshold	no inequality attached to a frequency	ACADVL Variant Curation Expert Panel	GN021	Released	MONDO:0008723	AR		Variants with a highest population minor allele frequency (MAF) 2000 alleles in gnomAD will meet PM2supporting. Calculated using the Prevalence of 1:100,000, Allelic Contribution of 0.2, Genetic Contribution of 1, and Penetrance of 0.75 to allow for mild VLCADD that may develop in adulthood. This was multiplied by 1.5 to account for mildly pathogenic variants being present in carriers within the p
ACTA1	BA1	Stand Alone	7.81e-05	conflicting-panels		Congenital Myopathies Variant Curation Expert Panel	GN147	Released	MONDO:0100084	AD	640x tighter than the 0.05 default	The minor allele frequency using the filtering allele frequency of either exomes or genomes in gnomAD is ≥0.0000781 for AD variants. All continental populations in gnomAD used should have at least 2000 alleles and >1 observation.
ACTA1	BA1	Stand Alone	0.0025	conflicting-panels		Congenital Myopathies Variant Curation Expert Panel	GN169	Released	MONDO:0100084	AR		The minor allele frequency using the filtering allele frequency of either exomes or genomes in gnomAD is ≥0.0025 for AR variants. All continental populations in gnomAD used should have at least 2000 alleles and >1 observation. BA1 exclusion variants (well-known pathogenic variants that are above the specified BA1 threshold) are as follows: NM001100.4(ACTA1):c.541del (p.Asp181fs) NM001100.4(ACTA1):
ACTA1	BS1	Strong	7.81e-06	conflicting-panels		Congenital Myopathies Variant Curation Expert Panel	GN147	Released	MONDO:0100084	AD	640x tighter than the 0.005 default	The minor allele frequency using the filtering allele frequency of either exomes or genomes in gnomAD is ≥0.00000781 for AD variants. All continental populations used in gnomAD should have at least 2000 alleles and >1 observation.
ACTA1	BS1	Strong	0.00025	conflicting-panels		Congenital Myopathies Variant Curation Expert Panel	GN169	Released	MONDO:0100084	AR		The minor allele frequency using the filtering allele frequency of either exomes or genomes in gnomAD is ≥0.00025 for AR variants. All continental populations used in gnomAD should have at least 2000 alleles and >1 observation.
ACTA1	PM2	Supporting		absence-required	specifies absence from controls, not a bar	Congenital Myopathies Variant Curation Expert Panel	GN147	Released	MONDO:0100084	AD		PM2Supporting may be applied if the minor allele frequency in population databases of at least 2000 alleles is absent (1 allele allowed) for autosomal dominant
ACTA1	PM2	Supporting	5e-06	conflicting-panels		Congenital Myopathies Variant Curation Expert Panel	GN169	Released	MONDO:0100084	AR		PM2Supporting may be applied if the minor allele frequency in population databases of at least 2000 alleles is ≤ 0.000005 for autosomal recessive
ACTC1	BA1	Stand Alone	0.001	ok		Cardiomyopathy Variant Curation Expert Panel	GN101	Released	MONDO:0005045	AD		Allele frequency is ≥0.001 based on the filtering allele frequency (FAF) in gnomAD in the subpopulation with the highest frequency (popmax). The values used to calculate the BA1 threshold were derived from studies in Northern European populations that have been relatively well-characterized with regards to disease prevalence and variant spectrum. These thresholds can be applied to any population w
ACTC1	BS1	Strong	0.0001	ok		Cardiomyopathy Variant Curation Expert Panel	GN101	Released	MONDO:0005045	AD		Allele frequency is ≥0.0001 for ACTC1 based on the filtering allele frequency (FAF) in gnomAD in the subpopulation with the highest frequency (popmax). Criterion BS1 may only be used as standalone evidence to classify a variant as Likely Benign in the absence of conflicting data. See SVI guidance (Tavtigian et al. 2018 ; Tavtigian et al. 2020 ). See BA1 for additional specifications that also appl
ACTC1	PM2	Supporting	4e-05	ok	ignored as out of range: 0.02	Cardiomyopathy Variant Curation Expert Panel	GN101	Released	MONDO:0005045	AD		The values used to calculate the PM2 thresholds were derived from studies in Northern European populations that have been relatively well-characterized with regards to disease prevalence and variant spectrum. These thresholds can be applied to any population where disease prevalence is considered comparable (1/500 or lower), where the most frequent pathogenic variant accounts for no more than 2% o
ACVRL1	BA1	Stand Alone	0.01	ok		Hereditary Hemorrhagic Telangiectasia Variant Curation Expert Panel	GN135	Released	MONDO:0010880	AD		Allele frequency is ≥1% in general population databases (e.g. gnomAD) based on Popmax FAF.
ACVRL1	BS1	Strong	0.002	ok		Hereditary Hemorrhagic Telangiectasia Variant Curation Expert Panel	GN135	Released	MONDO:0010880	AD		>0.2% to <1% in general population databases (e.g. gnomAD) based on Popmax FAF, or if variant meets BS1Supporting and has ≥2 homozygotes.
ACVRL1	PM2	Supporting	4e-05	ok		Hereditary Hemorrhagic Telangiectasia Variant Curation Expert Panel	GN135	Released	MONDO:0010880	AD		<6 total alleles in gnomAD or <0.00004 (0.004%) in gnomAD subpopulations.
ADA	BA1	Stand Alone	0.00721	ok		Severe Combined Immunodeficiency Disease  Variant Curation Expert Panel	GN114	Released	MONDO:0007064	AR		gnomAD popmax filtering allele frequency >0.00721.
ADA	BS1	Strong	0.00161	ok		Severe Combined Immunodeficiency Disease  Variant Curation Expert Panel	GN114	Released	MONDO:0007064	AR		gnomAD popmax filtering allele frequency >0.00161 1 1 Consider also bottleneck populations.
ADA	PM2	Supporting	0.0001742	ok		Severe Combined Immunodeficiency Disease  Variant Curation Expert Panel	GN114	Released	MONDO:0007064	AR	looser than the 0.0001 default	gnomAD popmax filtering allele frequency <0.0001742 An additional requirement is that no homozygotes have been observed in gnomAD.
AIPL1	BA1	Stand Alone	0.0057	ok		Leber Congenital Amaurosis/early onset Retinal Dystrophy Variant Curation Expert Panel	GN208	Released	MONDO:0100438	AR		Use gnomAD Grpmax FAF if available, cutoff of ≥0.0057 Use large population databases (i.e. gnomAD).
AIPL1	BS1	Strong		no-threshold	no inequality attached to a frequency	Leber Congenital Amaurosis/early onset Retinal Dystrophy Variant Curation Expert Panel	GN208	Released	MONDO:0100438	AR		Allele frequency greater than expected for disorder. Use gnomAD Grpmax FAF if available. Allele frequency of 0.00057 - 0.00569
AIPL1	PM2	Supporting		superscript-notation	exponent lost when markup was stripped	Leber Congenital Amaurosis/early onset Retinal Dystrophy Variant Curation Expert Panel	GN208	Released	MONDO:0100438	AR		Absent/rare from controls in an ethnically-matched cohort population sample. Used if the gnomAD total allele frequency is ≤ 4.0 x 10 -4 .
AKT3	BA1	Stand Alone	0.000926	ok		Brain Malformations Variant Curation Expert Panel	GN018	Released	MONDO:0016054			Allele frequency (>0.0926%). An allele frequency (>0.0926%) was approved. Note: this was adjusted from ACMG Guidelines due to maintaining the 5x threshold for benign (consistent with previously established guidelines)
AKT3	BS1	Strong	0.000185	ok		Brain Malformations Variant Curation Expert Panel	GN018	Released	MONDO:0016054			Allele frequency (>0.0185%). An allele frequency (>0.0185%) was approved. (Supplemental Table 3).
AKT3	PM2	Supporting		absence-required	specifies absence from controls, not a bar	Brain Malformations Variant Curation Expert Panel	GN018	Released	MONDO:0016054			Absent/rare from controls in an ethnically-matched cohort population sample ( ≥1).
ANO5	BA1	Stand Alone	0.003	ok		Limb Girdle Muscular Dystrophy Variant Curation Expert Panel	GN188	Released	MONDO:0015152	AR		Apply if the variant Grpmax FAF (the lower bound of the 95% confidence interval of the maximum credible genetic ancestry group allele frequency) is >0.003. This value can be taken directly from gnomAD, but do not use data for which the variant does not pass quality control filters. See supplementary file “benign frequency exceptions” for a list of variants defined as exceptions to the benign frequ
ANO5	BS1	Strong	0.001	ok		Limb Girdle Muscular Dystrophy Variant Curation Expert Panel	GN188	Released	MONDO:0015152	AR		Apply if the variant Grpmax FAF (the lower bound of the 95% confidence interval of the maximum credible genetic ancestry group allele frequency) is >0.001. This value can be taken directly from gnomAD, but do not use data for which the variant does not pass quality control filters. See supplementary file “benign frequency exceptions” for a list of variants defined as exceptions to the benign frequ
ANO5	PM2	Supporting	0.0001	ok		Limb Girdle Muscular Dystrophy Variant Curation Expert Panel	GN188	Released	MONDO:0015152	AR		Apply if the Grpmax variant allele frequency / upper bound of the 95% confidence interval (95% CI) of the Grpmax variant allele frequency in gnomAD is <0.0001. Do not use data for which the variant does not pass quality control filters. If only 1 or 2 variant alleles are present in the Grpmax population, use the Grpmax variant allele frequency If at least 3 variant alleles are present in the Grpma
APC	BA1	Stand Alone	0.001	ok		InSiGHT Hereditary Colorectal Cancer/Polyposis Variant Curation Expert Panel	GN089	Released	MONDO:0021056			GnomAD Popmax Filtering Allele Frequency (AF) ≥ 0.1% (0.001).
APC	BS1	Strong	1e-05	ok		InSiGHT Hereditary Colorectal Cancer/Polyposis Variant Curation Expert Panel	GN089	Released	MONDO:0021056		500x tighter than the 0.005 default	GnomAD Popmax Filtering Allele Frequency (AF) ≥ 0.001% (0.00001).
APC	PM2	Supporting		ambiguous	2 disagreeing bars: 3e-06, 1e-05	InSiGHT Hereditary Colorectal Cancer/Polyposis Variant Curation Expert Panel	GN089	Released	MONDO:0021056			Rare in controls, defined by an allele frequency ≤ 0.0003% (0.000003) if the allele count is > 1 OR by an allele frequency < 0.001% (0.00001) if the allele count is ≤ 1.
ATM	BA1	Stand Alone	0.005	ok		Hereditary Breast, Ovarian and Pancreatic Cancer Variant Curation Expert Panel	GN020	Released	MONDO:0700270|MONDO:0008840|MONDO:0018266	AD|AR		Grpmax Filtering AF >.5% in gnomAD v4 dataset
ATM	BS1	Strong	0.0005	ok		Hereditary Breast, Ovarian and Pancreatic Cancer Variant Curation Expert Panel	GN020	Released	MONDO:0700270|MONDO:0008840|MONDO:0018266	AD|AR		Grpmax Filtering AF >.05% in gnomAD v4 dataset
ATM	PM2	Supporting	1e-05	ok		Hereditary Breast, Ovarian and Pancreatic Cancer Variant Curation Expert Panel	GN020	Released	MONDO:0700270|MONDO:0008840|MONDO:0018266	AD|AR		Frequency ≤.001% in gnomAD v4 dataset If n=1 in a single sub population, that is sufficiently rare and PM2supporting would apply.
BMPR2	BA1	Stand Alone	0.01	ok		Pulmonary Hypertension Variant Curation Expert Panel	GN125	Released	MONDO:0015924	AD		Allele frequency is above 1% in gnomAD, including any sub-population with at least 1,000 allele counts.
BMPR2	BS1	Strong	0.001	ok		Pulmonary Hypertension Variant Curation Expert Panel	GN125	Released	MONDO:0015924	AD		Allele frequency ≥0.1% among gnomAD controls, using the subpopulation with the highest frequency and at least 1,000 allele counts.
BMPR2	PM2	Supporting	0.0001	ok		Pulmonary Hypertension Variant Curation Expert Panel	GN125	Released	MONDO:0015924	AD		Present at <0.01% among gnomAD controls, using the subpopulation with the highest frequency and at least 1,000 allele counts. Caveat: Population data for indels may be poorly called by next generation sequencing.
BRAF	BA1	Stand Alone	0.0005	ok		RASopathy Variant Curation Expert Panel	GN049	Released	MONDO:0021060	AD	100x tighter than the 0.05 default	GnomAD filtering allele frequency ≥0.05%.
BRAF	BS1	Strong	0.00025	ok		RASopathy Variant Curation Expert Panel	GN049	Released	MONDO:0021060	AD		GnomAD filtering allele frequency ≥0.025%.
BRAF	PM2	Supporting		absence-required	specifies absence from controls, not a bar	RASopathy Variant Curation Expert Panel	GN049	Released	MONDO:0021060	AD		The variant must be absent from controls (gnomAD).
BRCA1	BA1	Stand Alone	0.001	ok		ENIGMA BRCA1 and BRCA2 Variant Curation Expert Panel	GN092	Released	MONDO:0700268	AD		Filter allele frequency (FAF) is above 0.1% (FAF > 0.001) in gnomAD v2.1 (non-cancer, exome only subset) and/or gnomAD v3.1 (non-cancer), non-founder population(s). See Appendix G for details.
BRCA1	BS1	Strong	0.0001	ok		ENIGMA BRCA1 and BRCA2 Variant Curation Expert Panel	GN092	Released	MONDO:0700268	AD		Filter allele frequency (FAF) is above 0.01% (FAF > 0.0001) in gnomAD v2.1 (non-cancer, exome only subset) and/or gnomAD v3.1 (non-cancer), non-founder population(s). See Appendix G for details.
BRCA1	PM2	Supporting		absence-required	specifies absence from controls, not a bar	ENIGMA BRCA1 and BRCA2 Variant Curation Expert Panel	GN092	Released	MONDO:0700268	AD		Absent from controls in an outbred population, from gnomAD v2.1 (non-cancer, exome only subset) and gnomAD v3.1 (non-cancer). Region around the variant must have an average read depth ≥25. See Appendix G for details.
BRCA2	BA1	Stand Alone	0.001	ok		ENIGMA BRCA1 and BRCA2 Variant Curation Expert Panel	GN097	Released	MONDO:0700269	AD		Filter allele frequency (FAF) is above 0.1% (FAF > 0.001) in gnomAD v2.1 (non-cancer, exome only subset) and/or gnomAD v3.1 (non-cancer), non-founder population(s). See Appendix G for details.
BRCA2	BS1	Strong	0.0001	ok		ENIGMA BRCA1 and BRCA2 Variant Curation Expert Panel	GN097	Released	MONDO:0700269	AD		Filter allele frequency (FAF) is above 0.01% (FAF > 0.0001) in gnomAD v2.1 (non-cancer, exome only subset) and/or gnomAD v3.1 (non-cancer), non-founder population(s). See Appendix G for details.
BRCA2	PM2	Supporting		absence-required	specifies absence from controls, not a bar	ENIGMA BRCA1 and BRCA2 Variant Curation Expert Panel	GN097	Released	MONDO:0700269	AD		Absent from controls in an outbred population, from gnomAD v2.1 (non-cancer, exome only subset) and gnomAD v3.1 (non-cancer). Region around the variant must have an average read depth ≥25. See Appendix G for details.
CAPN3	BA1	Stand Alone	0.003	ok		Limb Girdle Muscular Dystrophy Variant Curation Expert Panel	GN187	Released	MONDO:0015152	AR		Apply if the variant Grpmax FAF (the lower bound of the 95% confidence interval of the maximum credible genetic ancestry group allele frequency) is >0.003. This value can be taken directly from gnomAD, but do not use data for which the variant does not pass quality control filters. See supplementary file “benign frequency exceptions” for a list of variants defined as exceptions to the benign frequ
CAPN3	BS1	Strong	0.001	ok		Limb Girdle Muscular Dystrophy Variant Curation Expert Panel	GN187	Released	MONDO:0015152	AR		Apply if the variant Grpmax FAF (the lower bound of the 95% confidence interval of the maximum credible genetic ancestry group allele frequency) is >0.001. This value can be taken directly from gnomAD, but do not use data for which the variant does not pass quality control filters. See supplementary file “benign frequency exceptions” for a list of variants defined as exceptions to the benign frequ
CAPN3	PM2	Supporting	0.0001	ok		Limb Girdle Muscular Dystrophy Variant Curation Expert Panel	GN187	Released	MONDO:0015152	AR		Apply if the Grpmax variant allele frequency / upper bound of the 95% confidence interval (95% CI) of the Grpmax variant allele frequency in gnomAD is <0.0001. Do not use data for which the variant does not pass quality control filters. If only 1 or 2 variant alleles are present in the Grpmax population, use the Grpmax variant allele frequency If at least 3 variant alleles are present in the Grpma
CDH1	BA1	Stand Alone	0.002	ok		Gastric Cancer Variant Curation Expert Panel	GN007	Released	MONDO:0007648			MAF cutoff of 0.2%.
CDH1	BS1	Strong	0.001	ok		Gastric Cancer Variant Curation Expert Panel	GN007	Released	MONDO:0007648			MAF cutoff of 0.1%.
CDH1	PM2	Supporting		no-threshold	no inequality attached to a frequency	Gastric Cancer Variant Curation Expert Panel	GN007	Released	MONDO:0007648			≤ One out of 100,000 alleles in gnomAD cohort; if present in ≥2 individuals within a subpopulation, must be present in ≤ One out of 50,000 alleles.
CDH23	BA1	Stand Alone		inheritance-conditioned	separate bars by inheritance: 0.001, 0.005	Hearing Loss Variant Curation Expert Panel	GN005	Released	MONDO:0019501|MONDO:0019497			MAF of ≥0.005 (0.5%) for autosomal recessive; MAF of ≥0.001 (0.1%) for autosomal dominant.
CDH23	BS1	Strong		inheritance-conditioned	separate bars by inheritance: 0.0002, 0.003	Hearing Loss Variant Curation Expert Panel	GN005	Released	MONDO:0019501|MONDO:0019497			MAF of ≥0.003 (0.3%) for autosomal recessive; MAF of ≥0.0002 (0.02%) for autosomal dominant. Likely benign, provided there is no conflicting evidence.
CDH23	PM2	Supporting		inheritance-conditioned	separate bars by inheritance: 2e-05, 7e-05	Hearing Loss Variant Curation Expert Panel	GN005	Released	MONDO:0019501|MONDO:0019497			Absent/Rare in population databases (absent or ≤0.00007 (0.007%) for autosomal recessive, ≤0.00002 (0.002%) for autosomal dominant). Background: Rarity or absence in the general population is not robust evidence for pathogenicity, particularly for autosomal recessive disorders. However, the ACMG/AMP Guidelines were devised in such a way that absence or rarity were considered moderate evidence towa
CDKL5	BA1	Stand Alone		ambiguous	2 disagreeing bars: 8.3e-05, 0.0005	Rett and Angelman-like Disorders Variant Curation Expert Panel	GN034	Released	MONDO:0100039	AR		Allele frequency above 0.05%. Use large population databases (i.e. gnomAD). Use if variant is present at ≥0.000083 (0.0083%) in any sub-population. Use if allele frequency is met in any general continental population dataset of at least 2,000 observed alleles.
CDKL5	BS1	Strong	8.3e-06	ok		Rett and Angelman-like Disorders Variant Curation Expert Panel	GN034	Released	MONDO:0100039	AR	602x tighter than the 0.005 default	Allele frequency greater than expected for disease (0.025%). Use large population databases (i.e. gnomAD). Use if variant is present at ≥0.0000083 (0.00083%) and <0.000083 (0.0083%) in any sub-population. Use if allele frequency is met in any general continental population dataset of at least 2,000 observed alleles.
CDKL5	PM2	Supporting		absence-required	specifies absence from controls, not a bar	Rett and Angelman-like Disorders Variant Curation Expert Panel	GN034	Released	MONDO:0100039	AR		Absent/rare from controls in an ethnically-matched cohort population sample. Use if absent, zero observations in control databases.
CEP290	BA1	Stand Alone	0.016	ok		Leber Congenital Amaurosis/early onset Retinal Dystrophy Variant Curation Expert Panel	GN226	Released	MONDO:0100451	AR		Use gnomAD Grpmax FAF if available, cutoff of >0.016 Use large population databases (i.e. gnomAD).
CEP290	BS1	Strong		no-threshold	no inequality attached to a frequency	Leber Congenital Amaurosis/early onset Retinal Dystrophy Variant Curation Expert Panel	GN226	Released	MONDO:0100451	AR		Allele frequency greater than expected for disorder. Use gnomAD Grpmax FAF if available. Allele frequency of 0.0016 - 0.016
CEP290	PM2	Supporting		superscript-notation	exponent lost when markup was stripped	Leber Congenital Amaurosis/early onset Retinal Dystrophy Variant Curation Expert Panel	GN226	Released	MONDO:0100451	AR		Absent/rare from controls in an ethnically-matched cohort population sample. Used if the gnomAD total allele frequency is ≤ 6.0 x 10 -4 .
COCH	BA1	Stand Alone		inheritance-conditioned	separate bars by inheritance: 0.001, 0.005	Hearing Loss Variant Curation Expert Panel	GN005	Released	MONDO:0019497			MAF of ≥0.005 (0.5%) for autosomal recessive; MAF of ≥0.001 (0.1%) for autosomal dominant.
COCH	BS1	Strong		inheritance-conditioned	separate bars by inheritance: 0.0002, 0.003	Hearing Loss Variant Curation Expert Panel	GN005	Released	MONDO:0019497			MAF of ≥0.003 (0.3%) for autosomal recessive; MAF of ≥0.0002 (0.02%) for autosomal dominant. Likely benign, provided there is no conflicting evidence.
COCH	PM2	Supporting		inheritance-conditioned	separate bars by inheritance: 2e-05, 7e-05	Hearing Loss Variant Curation Expert Panel	GN005	Released	MONDO:0019497			Absent/Rare in population databases (absent or ≤0.00007 (0.007%) for autosomal recessive, ≤0.00002 (0.002%) for autosomal dominant). Background: Rarity or absence in the general population is not robust evidence for pathogenicity, particularly for autosomal recessive disorders. However, the ACMG/AMP Guidelines were devised in such a way that absence or rarity were considered moderate evidence towa
CTLA4	BA1	Stand Alone		superscript-notation	exponent lost when markup was stripped	Antibody Deficiencies Variant Curation Expert Panel	GN122	Released	MONDO:0014493	AD		Met for GrpMax Filtering Allele Frequency greater than or equal to 1.11 x 10 -5 (0.0000111) in gnomAD, with at least 5 alleles total across all populations in gnomAD (gnomAD v4.1.0). Threshold is based on the experts’ estimate of CTLA-4 insufficiency prevalence of 1/200,000 – 1/1,000,000 people and 45-70% penetrance. A higher prevalence estimate (1 in 100,000) and the lower end of the penetrance e
CTLA4	BS1	Strong		superscript-notation	exponent lost when markup was stripped	Antibody Deficiencies Variant Curation Expert Panel	GN122	Released	MONDO:0014493	AD		Met for GrpMax Filtering Allele Frequency greater than or equal to 1.11 x 10 -6 (0.00000111) in gnomAD, with at least 3 alleles total across all populations in gnomAD (gnomAD v4.1.0). If GrpMax filtering allele frequency is not listed for the variant, this code is evaluated in relation to the maximum allele frequency among the five major continental populations (African / African-American, East As
CTLA4	PM2	Supporting		superscript-notation	exponent lost when markup was stripped	Antibody Deficiencies Variant Curation Expert Panel	GN122	Released	MONDO:0014493	AD		Supporting level only Met for total allele frequency lower than 1.43 x 10 -7 (0.000000143) across all populations in gnomAD v4.1.0. Threshold is based on the experts’ estimate of CTLA-4 insufficiency prevalence of 1/200,000 – 1/1,000,000 people and 45-70% penetrance. The lower end of the prevalence estimate (1 in 1,000,000) and the higher end of the penetrance estimate (70%) were used for this cal
CYP1B1	BA1	Stand Alone	0.05	ok		Glaucoma Variant Curation Expert Panel	GN104	Released	MONDO:0800472	AR		Allele frequency ≥ 0.05 in population databases.
CYP1B1	BS1	Strong	0.01	ok		Glaucoma Variant Curation Expert Panel	GN104	Released	MONDO:0800472	AR	looser than the 0.005 default	Allele frequency is ≥ 0.01 (1%) in population databases.
CYP1B1	PM2	Supporting	0.0005	ok		Glaucoma Variant Curation Expert Panel	GN104	Released	MONDO:0800472	AR	looser than the 0.0001 default	Allele frequency ≤ 0.0005 in population databases.
DCLRE1C	BA1	Stand Alone	0.00346	ok		Severe Combined Immunodeficiency Disease  Variant Curation Expert Panel	GN116	Released	MONDO:0011225	AR		gnomAD popmax filtering allele frequency >0.00346.
DCLRE1C	BS1	Strong	0.00078	ok		Severe Combined Immunodeficiency Disease  Variant Curation Expert Panel	GN116	Released	MONDO:0011225	AR		gnomAD popmax filtering allele frequency >0.00078 1 1 Consider also bottleneck populations.
DCLRE1C	PM2	Supporting	3.266e-05	ok		Severe Combined Immunodeficiency Disease  Variant Curation Expert Panel	GN116	Released	MONDO:0011225	AR		gnomAD popmax filtering allele frequency <0.00003266 An additional requirement is that no homozygotes have been observed in gnomAD.
DICER1	BA1	Stand Alone	0.003	ok		DICER1 and miRNA-Processing Gene Variant Curation Expert Panel	GN024	Released	MONDO:0100216	AD		Frequency >0.003 (0.3%) in gnomAD subpopulations. Subpopulations must have >2,000 alleles tested and a minimum of 5 alleles present.
DICER1	BS1	Strong	0.0003	ok		DICER1 and miRNA-Processing Gene Variant Curation Expert Panel	GN024	Released	MONDO:0100216	AD		Frequency >0.0003 (0.03%) in gnomAD subpopulations. Subpopulations must have >2,000 alleles tested and a minimum of 5 alleles present.
DICER1	PM2	Supporting	5e-06	ok		DICER1 and miRNA-Processing Gene Variant Curation Expert Panel	GN024	Released	MONDO:0100216	AD		Allele frequency <0.000005 across gnomAD with no more than one allele in any subpopulation and at least 20x coverage.
DNM2	BA1	Stand Alone		implausible	outside the believable range for BA1: 1.5e-06	Congenital Myopathies Variant Curation Expert Panel	GN148	Released	MONDO:0018947	AD		The minor allele frequency using the filtering allele frequency of either exomes or genomes in gnomAD is ≥0.0000015. All continental populations used in gnomAD should have at least 2000 alleles and >1 observation.
DNM2	BS1	Strong		implausible	outside the believable range for BS1: 1.5e-07	Congenital Myopathies Variant Curation Expert Panel	GN148	Released	MONDO:0018947	AD		The minor allele frequency using the filtering allele frequency of either exomes or genomes in gnomAD is ≥0.00000015. All continental populations used in gnomAD should have at least 2000 alleles and >1 observation.
DNM2	PM2	Supporting		absence-required	specifies absence from controls, not a bar	Congenital Myopathies Variant Curation Expert Panel	GN148	Released	MONDO:0018947	AD		PM2Supporting may be applied if the minor allele frequency in population databases of at least 2000 alleles is absent (1 allele allowed)
DYSF	BA1	Stand Alone	0.003	ok		Limb Girdle Muscular Dystrophy Variant Curation Expert Panel	GN180	Released	MONDO:0015152	AR		Apply if the variant Grpmax FAF (the lower bound of the 95% confidence interval of the maximum credible genetic ancestry group allele frequency) is >0.003. This value can be taken directly from gnomAD, but do not use data for which the variant does not pass quality control filters. See supplementary file “benign frequency exceptions” for a list of variants defined as exceptions to the benign frequ
DYSF	BS1	Strong	0.001	ok		Limb Girdle Muscular Dystrophy Variant Curation Expert Panel	GN180	Released	MONDO:0015152	AR		Apply if the variant Grpmax FAF (the lower bound of the 95% confidence interval of the maximum credible genetic ancestry group allele frequency) is >0.001. This value can be taken directly from gnomAD, but do not use data for which the variant does not pass quality control filters. See supplementary file “benign frequency exceptions” for a list of variants defined as exceptions to the benign frequ
DYSF	PM2	Supporting	0.0001	ok		Limb Girdle Muscular Dystrophy Variant Curation Expert Panel	GN180	Released	MONDO:0015152	AR		Apply if the Grpmax variant allele frequency / upper bound of the 95% confidence interval (95% CI) of the Grpmax variant allele frequency in gnomAD is <0.0001. Do not use data for which the variant does not pass quality control filters. If only 1 or 2 variant alleles are present in the Grpmax population, use the Grpmax variant allele frequency If at least 3 variant alleles are present in the Grpma
ENG	BA1	Stand Alone	0.01	ok		Hereditary Hemorrhagic Telangiectasia Variant Curation Expert Panel	GN136	Released	MONDO:0008535	AD		Allele frequency is ≥1% in general population databases (e.g. gnomAD) based on Popmax FAF.
ENG	BS1	Strong	0.002	ok		Hereditary Hemorrhagic Telangiectasia Variant Curation Expert Panel	GN136	Released	MONDO:0008535	AD		>0.2% to <1% in general population databases (e.g. gnomAD) based on Popmax FAF, or if variant meets BS1Supporting and has ≥2 homozygotes.
ENG	PM2	Supporting	4e-05	ok		Hereditary Hemorrhagic Telangiectasia Variant Curation Expert Panel	GN136	Released	MONDO:0008535	AD		<6 total alleles in gnomAD or <0.00004 (0.004%) in gnomAD subpopulations.
ETHE1	BA1	Stand Alone	0.001	ok		Mitochondrial Diseases Variant Curation Expert Panel	GN014	Released	MONDO:0011229			>0.001 (>0.1%)
ETHE1	BS1	Strong	0.0002	ok		Mitochondrial Diseases Variant Curation Expert Panel	GN014	Released	MONDO:0011229			>0.0002 (>0.020%)
ETHE1	PM2	Moderate	2e-05	ok		Mitochondrial Diseases Variant Curation Expert Panel	GN014	Released	MONDO:0011229			<0.00002 (<0.0020%)
F8	BA1	Stand Alone	0.000333	ok		Coagulation Factor Deficiency Variant Curation Expert Panel	GN071	Released	MONDO:0010602	AR	150x tighter than the 0.05 default	MAF cutoff of greater or equal to 0.0333% (or 0.000333).
F8	BS1	Strong	3.33e-05	ok		Coagulation Factor Deficiency Variant Curation Expert Panel	GN071	Released	MONDO:0010602	AR	150x tighter than the 0.005 default	MAF cutoff of greater than or equal to 0.00333% (or 0.0000333).
F8	PM2	Supporting		absence-required	specifies absence from controls, not a bar	Coagulation Factor Deficiency Variant Curation Expert Panel	GN071	Released	MONDO:0010602	AR		Variant must be absent in males in population databases, such as gnomAD.
F9	BA1	Stand Alone	5.56e-05	ok		Coagulation Factor Deficiency Variant Curation Expert Panel	GN080	Released	MONDO:0010604	AR	899x tighter than the 0.05 default	MAF cutoff of greater than or equal to 0.0000556 (or 0.00556%).
F9	BS1	Strong	5.56e-06	ok		Coagulation Factor Deficiency Variant Curation Expert Panel	GN080	Released	MONDO:0010604	AR	899x tighter than the 0.005 default	MAF cutoff of greater than or equal to 0.00000556 (or 0.000556%).
F9	PM2	Supporting		absence-required	specifies absence from controls, not a bar	Coagulation Factor Deficiency Variant Curation Expert Panel	GN080	Released	MONDO:0010604	AR		Variant must be absent in males in population databases, such as gnomAD.
FBN1	BA1	Stand Alone	0.001	ok		FBN1 Variant Curation Expert Panel	GN022	Released	MONDO:0007947			Allele frequency above 0.1% in ExAc and gnomAD Use the ethnic population with the highest allele frequency. Caveat: Do not use Finnish, Ashkenazi Jewish, or “Other” populations in gnomAD. Minimum amount of studied alleles should be 2000.
FBN1	BS1	Strong	5e-05	ok		FBN1 Variant Curation Expert Panel	GN022	Released	MONDO:0007947		100x tighter than the 0.005 default	Allele frequency greater than expected for disease (>0.005%). Use the ethnic population with the highest allele frequency. Caveat: Do not use Finnish, Ashkenazi Jewish, or “Other” populations in gnomAD. Minimum amount of studied alleles should be 2000.
FBN1	PM2	Supporting	5e-06	ok		FBN1 Variant Curation Expert Panel	GN022	Released	MONDO:0007947			Threshold: <5.0E-6 (<0.0005%). Use the highest ethnic population allele frequency. Caveat: PVS1 + PM2Supportive may reach Likely Pathogenic. Caveat: Do not use Finnish, Ashkenazi Jewish, or “Other” populations in gnomAD. Minimum amount of studied alleles should be 2000.
FOXG1	BA1	Stand Alone	8.3e-05	ok		Rett and Angelman-like Disorders Variant Curation Expert Panel	GN035	Released	MONDO:0100040	AD	602x tighter than the 0.05 default	Use large population databases (i.e. gnomAD). Use if variant is present at ≥0.000083 (0.0083%) in any sub-population. Use if allele frequency is met in any general continental population dataset of at least 2,000 observed alleles.
FOXG1	BS1	Strong	8.3e-06	ok		Rett and Angelman-like Disorders Variant Curation Expert Panel	GN035	Released	MONDO:0100040	AD	602x tighter than the 0.005 default	Use large population databases (i.e. gnomAD). Use if variant is present at ≥0.0000083 (0.00083%) and <0.000083 (0.0083%) in any sub-population. Use if allele frequency is met in any general continental population dataset of at least 2,000 observed alleles.
FOXG1	PM2	Supporting		absence-required	specifies absence from controls, not a bar	Rett and Angelman-like Disorders Variant Curation Expert Panel	GN035	Released	MONDO:0100040	AD		Absent/rare from controls in an ethnically-matched cohort population sample. Use if absent, zero observations in control databases.
FOXN1	BA1	Stand Alone	0.00447	ok		Severe Combined Immunodeficiency Disease  Variant Curation Expert Panel	GN113	Released	MONDO:0011132	AD_AR		gnomAD Grpmax filtering allele frequency >0.00447
FOXN1	BS1	Strong	0.00141	ok		Severe Combined Immunodeficiency Disease  Variant Curation Expert Panel	GN113	Released	MONDO:0011132	AD_AR		gnomAD Grpmax filtering allele frequency >0.00141 OR a bottle-necked population with a MAF >0.00141 may be used for this criterion. Caveat: If the variant is known to be a founder variant in the bottle-necked population do not consider the frequency in that population for BS1.
FOXN1	PM2	Supporting	2.412e-05	ok		Severe Combined Immunodeficiency Disease  Variant Curation Expert Panel	GN113	Released	MONDO:0011132	AD_AR		gnomAD Grpmax filtering allele frequency ≤0.00002412
GAA	BA1	Stand Alone	0.01	ok		Lysosomal Diseases Variant Curation Expert Panel	GN010	Released	MONDO:0009290			Common in population databases. Highest minor allele frequency >0.01 (>1%) in any continental population in gnomAD with >2000 alleles.
GAA	BS1	Strong	0.005	ok		Lysosomal Diseases Variant Curation Expert Panel	GN010	Released	MONDO:0009290			Allele frequency greater than expected for disease. Highest minor allele frequency >0.005 (>0.5%) in any continental population in gnomAD with >2000 alleles.
GAA	PM2	Moderate		no-threshold	no inequality attached to a frequency	Lysosomal Diseases Variant Curation Expert Panel	GN010	Released	MONDO:0009290			Low frequency in population databases. Minor allele frequency 2000 alleles in gnomAD.
GALT	BA1	Stand Alone	0.01	ok		Galactosemia Variant Curation Expert Panel 	GN158	Released	MONDO:0018116	AR		Use a minor allele frequency cutoff of ≥0.01 (1%) (use PopMax FAF in gnomAD). This frequency was calculated using the Whiffen-Ware calculator with a prevalence estimated at 1 in 10,000, penetrance at 100%, maximum allelic contribution and maximum genetic contribution at 100%.
GALT	BS1	Strong	0.005	ok		Galactosemia Variant Curation Expert Panel 	GN158	Released	MONDO:0018116	AR		Use a minor allele frequency cutoff of ≥0.005 (0.5%) (use PopMax FAF in gnomAD). This frequency was calculated using the Whiffen-Ware calculator with a prevalence estimated at 1 in 10,000, penetrance at 100%, maximum allelic contribution of 50% and maximum genetic contribution at 100%.
GALT	PM2	Supporting	0.0005	ok		Galactosemia Variant Curation Expert Panel 	GN158	Released	MONDO:0018116	AR	looser than the 0.0001 default	Can only be used at the supporting level Use the PopMax filtering allele frequency (FAF) from gnomAD. Use if variant is present at ≤ 0.0005 or 0.05% One order of magnitude below BS1 PM2 is not considered conflicting data with BP4 or BP7 A curated list of GALT variants known to be pathogenic despite not fulfilling the PM2 criterion has been developed (see PM2 exception list)
GAMT	BA1	Stand Alone	0.003	ok		Cerebral Creatine Deficiency Syndromes Variant Curation Expert Panel	GN026	Released	MONDO:0012999			Allele frequency >0.003 (0.3%) in gnomAD v4.0 in any continental population with >2000 alleles (based on the estimated prevalence 1 in 114,000, PMID 24071436) in gnomAD v4.0 (max allelic contribution = 100%; max genetic contribution = 100%). Use the highest population minor allele frequency (MAF) in any given continental population with >2,000 alleles (European non-Finnish, African, East Asian, So
GAMT	BS1	Strong	0.001	ok		Cerebral Creatine Deficiency Syndromes Variant Curation Expert Panel	GN026	Released	MONDO:0012999			Allele frequency >0.001 (0.1%) in gnomAD v4.0 in any continental population with >2000 alleles (based on the estimated prevalence 1 in 114,000 (PMID: 24071436) in gnomAD v4.0 (max allelic contribution = 40%; max genetic contribution = 100%). Use the highest population minor allele frequency (MAF) in any given continental population with >2,000 alleles (European non-Finnish, African, East Asian, So
GAMT	PM2	Supporting		no-threshold	no inequality attached to a frequency	Cerebral Creatine Deficiency Syndromes Variant Curation Expert Panel	GN026	Released	MONDO:0012999			Allele frequency A, in gnomAD). Any variant with a frequency below this cutoff will meet PM2Supporting. If homozygotes are observed, or variant is confirmed in trans with a known pathogenic variant, the variant will meet BS2 (assuming 100% penetrance for an individual with 2 pathogenic variants in trans).
GATM	BA1	Stand Alone	0.0005	ok		Cerebral Creatine Deficiency Syndromes Variant Curation Expert Panel	GN025	Released	MONDO:0012996	AR	100x tighter than the 0.05 default	GrpMax >0.0005 (0.05%) in gnomAD Any variant with a GrpMax (lower bound 95%ile) >0.0005 in gnomAD. Use the current version recommended by SVI; version number will be stated in classification summary. Threshold based on (max allelic contribution = 100% and max genetic contribution = 100% based on estimated prevalence of 1 in 3,450,000 (PMID 27233232), and penetrance of 100%) (PMID 30311383) (see Ap
GATM	BS1	Strong	0.0001	ok		Cerebral Creatine Deficiency Syndromes Variant Curation Expert Panel	GN025	Released	MONDO:0012996	AR		GrpMax >0.0001 (0.01%) in gnomAD Any variant with a GrpMax (lower bound 95%ile) >0.0001 in gnomAD. Use the current version recommended by SVI; version number will be stated in classification summary. Threshold based on max allelic contribution = 25% and max genetic contribution = 100% based on estimated prevalence of 1 in 3,450,000, (PMID 27233232), and penetrance of 100%) (PMID 30311383) (see App
GATM	PM2	Supporting		no-threshold	no inequality attached to a frequency	Cerebral Creatine Deficiency Syndromes Variant Curation Expert Panel	GN025	Released	MONDO:0012996	AR		Allele frequency T and p.Arg169Ter) (see Appendix 4). Use the current version recommended by SVI; version number will be stated in classification summary. Note – PM2 will NOT be used at moderate strength; PM2 will only be applied as a Supporting criterion. If homozygotes are observed, the variant will meet BS2 (assuming 100% penetrance for an individual with 2 pathogenic variants in trans).
GCK	BA1	Stand Alone	0.0001	ok		Monogenic Diabetes Variant Curation Expert Panel	GN086	Released	MONDO:0015967	AD_AR	500x tighter than the 0.05 default	gnomAD Grpmax FAF ≥ 1:10,000 (≥ 0.01% or 0.0001)
GCK	BS1	Strong		no-threshold	no inequality attached to a frequency	Monogenic Diabetes Variant Curation Expert Panel	GN086	Released	MONDO:0015967	AD_AR		gnomAD Grpmax FAF ≥ 1:25,000 (0.004% or 0.00004)
GCK	PM2	Supporting	3e-06	ok		Monogenic Diabetes Variant Curation Expert Panel	GN086	Released	MONDO:0015967	AD_AR		gnomAD Grpmax FAF ≤ 1:333,000 (≤ 0.000003 or 0.0003%)
GFAP	BA1	Stand Alone	0.0001	ok		Leukodystrophy and Leukoencephalopathy Variant Curation Expert Panel	GN157	Released	MONDO:0008752	AD	500x tighter than the 0.05 default	GnomAD (v4.1.0) filtering allele frequency ≥0.01%
GFAP	BS1	Strong	1e-05	ok		Leukodystrophy and Leukoencephalopathy Variant Curation Expert Panel	GN157	Released	MONDO:0008752	AD	500x tighter than the 0.005 default	GnomAD (v4.1.0) filtering allele frequency ≥0.001%
GFAP	PM2	Supporting		absence-required	specifies absence from controls, not a bar	Leukodystrophy and Leukoencephalopathy Variant Curation Expert Panel	GN157	Released	MONDO:0008752	AD		Absent in gnomAD
GJB2	BA1	Stand Alone		inheritance-conditioned	separate bars by inheritance: 0.001, 0.005	Hearing Loss Variant Curation Expert Panel	GN005	Released	MONDO:0019497			MAF of ≥0.005 (0.5%) for autosomal recessive; MAF of ≥0.001 (0.1%) for autosomal dominant.
GJB2	BS1	Strong		inheritance-conditioned	separate bars by inheritance: 0.0002, 0.003	Hearing Loss Variant Curation Expert Panel	GN005	Released	MONDO:0019497			MAF of ≥0.003 (0.3%) for autosomal recessive; MAF of ≥0.0002 (0.02%) for autosomal dominant. Likely benign, provided there is no conflicting evidence.
GJB2	PM2	Supporting		inheritance-conditioned	separate bars by inheritance: 2e-05, 7e-05	Hearing Loss Variant Curation Expert Panel	GN005	Released	MONDO:0019497			Absent/Rare in population databases (absent or ≤0.00007 (0.007%) for autosomal recessive, ≤0.00002 (0.002%) for autosomal dominant). Background: Rarity or absence in the general population is not robust evidence for pathogenicity, particularly for autosomal recessive disorders. However, the ACMG/AMP Guidelines were devised in such a way that absence or rarity were considered moderate evidence towa
GP1BA	BA1	Stand Alone	0.001	ok		Platelet Disorders Variant Curation Expert Panel	GN079	Released	MONDO:0009276	AR		gnomAD MAF of greater than or equal to 0.001 (or 0.1%).
GP1BA	BS1	Strong	0.0005	ok		Platelet Disorders Variant Curation Expert Panel	GN079	Released	MONDO:0009276	AR		gnomAD MAF greater than or equal to 0.0005 but less than 0.001.
GP1BA	PM2	Supporting	0.0001114	ok		Platelet Disorders Variant Curation Expert Panel	GN079	Released	MONDO:0009276	AR	looser than the 0.0001 default	gnomAD MAF of less than or equal to 0.0001114.
GP1BB	BA1	Stand Alone	0.001	ok		Platelet Disorders Variant Curation Expert Panel	GN082	Released	MONDO:0009276	AR		gnomAD MAF greater than or equal to 0.001 (or 0.1%) in gnomAD.
GP1BB	BS1	Strong	0.0005	ok		Platelet Disorders Variant Curation Expert Panel	GN082	Released	MONDO:0009276	AR		gnomAD MAF greater than or equal to 0.0005 but less than 0.001.
GP1BB	PM2	Supporting	6.517e-05	ok		Platelet Disorders Variant Curation Expert Panel	GN082	Released	MONDO:0009276	AR		gnomAD MAF of less than or equal to 0.00006517.
GP9	BA1	Stand Alone	0.001	ok		Platelet Disorders Variant Curation Expert Panel	GN083	Released	MONDO:0009276	AR		gnomAD MAF of greater than or equal to 0.001 (or 0.1%).
GP9	BS1	Strong	0.0007	ok		Platelet Disorders Variant Curation Expert Panel	GN083	Released	MONDO:0009276	AR		gnomAD MAF of greater than or equal to 0.0007 but less than 0.001.
GP9	PM2	Supporting	3.29e-05	ok		Platelet Disorders Variant Curation Expert Panel	GN083	Released	MONDO:0009276	AR		gnomAD MAF of less than or equal to 0.0000329.
GUCY2D	BA1	Stand Alone	0.016	ok		Leber Congenital Amaurosis/early onset Retinal Dystrophy Variant Curation Expert Panel	GN167	Released	MONDO:0100453	AR		Use gnomAD Grpmax FAF if available, cutoff of >0.016 Use large population databases (i.e. gnomAD).
GUCY2D	BS1	Strong		no-threshold	no inequality attached to a frequency	Leber Congenital Amaurosis/early onset Retinal Dystrophy Variant Curation Expert Panel	GN167	Released	MONDO:0100453	AR		Allele frequency greater than expected for disorder. Use gnomAD Grpmax FAF if available. Allele frequency of 0.0016 - 0.016
GUCY2D	PM2	Supporting		superscript-notation	exponent lost when markup was stripped	Leber Congenital Amaurosis/early onset Retinal Dystrophy Variant Curation Expert Panel	GN167	Released	MONDO:0100453	AR		Absent/rare from controls in an ethnically-matched cohort population sample. Used if the gnomAD total allele frequency is ≤ 4.0 x 10 -4 .
HBA2	BA1	Stand Alone	0.005	ok		Hemoglobinopathy Variant Curation Expert Panel	GN173	Released	MONDO:0100562	AR		Allele frequency ≥0.005 (0.5%) in a studied general population with ≥2000 alleles and variant present in ≥5 alleles.
HBA2	BS1	Strong	0.001	ok		Hemoglobinopathy Variant Curation Expert Panel	GN173	Released	MONDO:0100562	AR		Allele frequency ≥0.001 (0.1%) in a studied general population with ≥2000 alleles and variant present in ≥5 alleles.
HBA2	PM2	Supporting	0.0001	ok		Hemoglobinopathy Variant Curation Expert Panel	GN173	Released	MONDO:0100562	AR		Allele frequency <0.0001 (0.01%) in gnomAD.
HBB	BA1	Stand Alone	0.005	ok		Hemoglobinopathy Variant Curation Expert Panel	GN170	Released	MONDO:0013517	AR		Allele frequency ≥0.005 (0.5%) in a studied general population with ≥2000 alleles and variant present in ≥5 alleles.
HBB	BS1	Strong	0.001	ok		Hemoglobinopathy Variant Curation Expert Panel	GN170	Released	MONDO:0013517	AR		Allele frequency ≥0.001 (0.1%) in a studied general population with ≥2000 alleles and variant present in ≥5 alleles.
HBB	PM2	Supporting	0.0001	ok		Hemoglobinopathy Variant Curation Expert Panel	GN170	Released	MONDO:0013517	AR		Allele frequency <0.0001 (0.01%) in gnomAD.
HNF1A	BA1	Stand Alone	0.0001	ok		Monogenic Diabetes Variant Curation Expert Panel	GN017	Released	MONDO:0015967		500x tighter than the 0.05 default	gnomAD Grpmax FAF ≥ 1:10,000 (≥ 0.01% or 0.0001)
HNF1A	BS1	Strong	3.3e-05	ok		Monogenic Diabetes Variant Curation Expert Panel	GN017	Released	MONDO:0015967		152x tighter than the 0.005 default	gnomAD Grpmax FAF ≥ 1:30,000 (≥0.0033% or 0.000033)
HNF1A	PM2	Supporting	3e-06	ok		Monogenic Diabetes Variant Curation Expert Panel	GN017	Released	MONDO:0015967			gnomAD Grpmax FAF ≤ 1:333,000 (≤ 0.000003 or 0.0003%)
HNF4A	BA1	Stand Alone	0.0001	ok		Monogenic Diabetes Variant Curation Expert Panel	GN085	Released	MONDO:0015967	AD	500x tighter than the 0.05 default	gnomAD Grpmax FAF ≥ 1:10,000 (≥ 0.01% or 0.0001).
HNF4A	BS1	Strong	3.3e-05	ok		Monogenic Diabetes Variant Curation Expert Panel	GN085	Released	MONDO:0015967	AD	152x tighter than the 0.005 default	gnomAD Grpmax FAF ≥ 1:30,000 (≥0.0033% or 0.000033)
HNF4A	PM2	Supporting	3e-06	ok		Monogenic Diabetes Variant Curation Expert Panel	GN085	Released	MONDO:0015967	AD		gnomAD Grpmax FAF ≤ 1:333,000 (≤ 0.000003 or 0.0003%)
HRAS	BA1	Stand Alone	0.0005	ok		RASopathy Variant Curation Expert Panel	GN046	Released	MONDO:0021060	AD	100x tighter than the 0.05 default	GnomAD filtering allele frequency ≥0.05%.
HRAS	BS1	Strong	0.00025	ok		RASopathy Variant Curation Expert Panel	GN046	Released	MONDO:0021060	AD		GnomAD filtering allele frequency ≥0.025%.
HRAS	PM2	Supporting		absence-required	specifies absence from controls, not a bar	RASopathy Variant Curation Expert Panel	GN046	Released	MONDO:0021060	AD		The variant must be absent from controls (gnomAD).
IDUA	BA1	Stand Alone	0.005	ok		Lysosomal Diseases Variant Curation Expert Panel	GN091	Released	MONDO:0001586	AR		Any variant with Grpmax >0.005 in the most recent version of gnomAD (95% confidence interval, lower bound) (version # will be stated in the written summary) BA1 minor allele frequency cut-off calculated using with prevalence = 1 in 40,000 (PMID: 33208168), genetic heterogeneity = 1.0 (IDUA is the only gene known to cause MPS1), allelic heterogeneity = 1.0, and penetrance = 1.0.
IDUA	BS1	Strong	0.0025	ok		Lysosomal Diseases Variant Curation Expert Panel	GN091	Released	MONDO:0001586	AR		Any variant with Grpmax >0.0025 in the most recent version of gnomAD (95% confidence interval, lower bound) (version # will be stated in the written summary). BS1 minor allele frequency cut-off calculated using with prevalence = 1 in 40,000 (PMID: 33208168), genetic heterogeneity = 1.0 (IDUA is the only gene known to cause MPS1), allelic heterogeneity = ~0.5 (frequency of the most common known pat
IDUA	PM2	Supporting		no-threshold	no inequality attached to a frequency	Lysosomal Diseases Variant Curation Expert Panel	GN091	Released	MONDO:0001586	AR		This criterion will be applied at the supporting level based on from the ClinGen Sequence Variant Interpretation Working Group. Minor allele frequency 2000 alleles in the most recent version of gnomAD (version # will be stated in the written summary). Variants may be observed in the homozygous state because MPS1 can present in adulthood, and some variants may be hypomorphic. However, the presence 
IL2RG	BA1	Stand Alone	0.0111	ok		Severe Combined Immunodeficiency Disease  Variant Curation Expert Panel	GN129	Released	MONDO:0010315	AR		gnomAD popmax filtering allele frequency >0.01110.
IL2RG	BS1	Strong	0.00249	ok		Severe Combined Immunodeficiency Disease  Variant Curation Expert Panel	GN129	Released	MONDO:0010315	AR		gnomAD popmax filtering allele frequency >0.00249 1 1 Consider bottleneck populations
IL2RG	PM2	Supporting		no-threshold	no inequality attached to a frequency	Severe Combined Immunodeficiency Disease  Variant Curation Expert Panel	GN129	Released	MONDO:0010315	AR		Strength modification based on an abnormal result in at least one approved in vitro assay.
IL7R	BA1	Stand Alone	0.00566	ok		Severe Combined Immunodeficiency Disease  Variant Curation Expert Panel	GN119	Released	MONDO:0012163	AR		gnomAD popmax filtering allele frequency >0.00566.
IL7R	BS1	Strong	0.00126	ok		Severe Combined Immunodeficiency Disease  Variant Curation Expert Panel	GN119	Released	MONDO:0012163	AR		gnomAD popmax filtering allele frequency >0.00126 1 1 Consider also bottleneck populations.
IL7R	PM2	Supporting	4.129e-05	ok		Severe Combined Immunodeficiency Disease  Variant Curation Expert Panel	GN119	Released	MONDO:0012163	AR		gnomAD popmax filtering allele frequency <0.00004129. An additional requirement is that no homozygotes have been observed in gnomAD.
ITGA2B	BA1	Stand Alone	0.0024	ok		Platelet Disorders Variant Curation Expert Panel	GN011	Released	MONDO:0100326			Frequency cutoff of 0.24% (>0.0024 at 99.99% CI w/subpopulation w/min of 5 alleles).
ITGA2B	BS1	Strong	0.00158	ok		Platelet Disorders Variant Curation Expert Panel	GN011	Released	MONDO:0100326			Frequency cutoff of 0.158% (>0.00158 at 99.99% CI w/subpopulation w/min of 5 alleles)
ITGA2B	PM2	Moderate		absence-required	specifies absence from controls, not a bar	Platelet Disorders Variant Curation Expert Panel	GN011	Released	MONDO:0100326			Absent from controls (or at extremely low frequency if recessive) in Exome Sequencing Project, 1000 Genomes Project, or Exome Aggregation Consortium
ITGB3	BA1	Stand Alone	0.0024	ok		Platelet Disorders Variant Curation Expert Panel	GN011	Released	MONDO:0100326			Frequency cutoff of 0.24% (>0.0024 at 99.99% CI w/subpopulation w/min of 5 alleles).
ITGB3	BS1	Strong	0.00158	ok		Platelet Disorders Variant Curation Expert Panel	GN011	Released	MONDO:0100326			Frequency cutoff of 0.158% (>0.00158 at 99.99% CI w/subpopulation w/min of 5 alleles)
ITGB3	PM2	Moderate		absence-required	specifies absence from controls, not a bar	Platelet Disorders Variant Curation Expert Panel	GN011	Released	MONDO:0100326			Absent from controls (or at extremely low frequency if recessive) in Exome Sequencing Project, 1000 Genomes Project, or Exome Aggregation Consortium
JAK3	BA1	Stand Alone	0.00447	ok		Severe Combined Immunodeficiency Disease  Variant Curation Expert Panel	GN121	Released	MONDO:0010938	AR		gnomAD popmax filtering allele frequency >0.00447
JAK3	BS1	Strong	0.001	ok		Severe Combined Immunodeficiency Disease  Variant Curation Expert Panel	GN121	Released	MONDO:0010938	AR		gnomAD popmax filtering allele frequency >0.00100 1 1 Consider also bottleneck populations.
JAK3	PM2	Supporting	0.000115	ok		Severe Combined Immunodeficiency Disease  Variant Curation Expert Panel	GN121	Released	MONDO:0010938	AR	looser than the 0.0001 default	gnomAD popmax filtering allele frequency <0.000115 An additional requirement is that no homozygotes have been observed in gnomAD.
KCNQ1	BA1	Stand Alone	0.05	ok		Potassium Channel Arrhythmia Variant Curation Expert Panel	GN112	Released	MONDO:0100316	AD|AR		Allele frequency is above 5% in Exome Sequencing Project, 1000 Genomes or Exome Aggregation Consortium. Maximum allele frequency in gnomAD (in one of the 5 continental populations; African/African-American, East Asian, European non-Finnish, Latino/Admixed-American, or South Asian) greater than or equal to 0.004 (0.4%).
KCNQ1	BS1	Strong		no-threshold	1 number(s), none an allele frequency	Potassium Channel Arrhythmia Variant Curation Expert Panel	GN112	Released	MONDO:0100316	AD|AR		Allele frequency is greater than expected for disorder Maximum allele frequency in gnomAD (in one of the 5 continental populations; African/African-American, East Asian, European non-Finnish, Latino/Admixed-American, or South Asian) greater than or equal to 0.0004 (0.04%).
KCNQ1	PM2	Supporting		absence-required	specifies absence from controls, not a bar	Potassium Channel Arrhythmia Variant Curation Expert Panel	GN112	Released	MONDO:0100316	AD|AR		Absent from controls (or at extremely low frequency if recessive) in Exome Sequencing Project, 1000 Genomes or Exome Aggregation Consortium. Supporting level only Maximum allele frequency in gnomAD (in one of the 5 continental populations; African/African-American, East Asian, European non-Finnish, Latino/Admixed-American, or South Asian) <0.00001 (0.001%)
KCNQ4	BA1	Stand Alone		inheritance-conditioned	separate bars by inheritance: 0.001, 0.005	Hearing Loss Variant Curation Expert Panel	GN005	Released	MONDO:0019497			MAF of ≥0.005 (0.5%) for autosomal recessive; MAF of ≥0.001 (0.1%) for autosomal dominant.
KCNQ4	BS1	Strong		inheritance-conditioned	separate bars by inheritance: 0.0002, 0.003	Hearing Loss Variant Curation Expert Panel	GN005	Released	MONDO:0019497			MAF of ≥0.003 (0.3%) for autosomal recessive; MAF of ≥0.0002 (0.02%) for autosomal dominant. Likely benign, provided there is no conflicting evidence.
KCNQ4	PM2	Supporting		inheritance-conditioned	separate bars by inheritance: 2e-05, 7e-05	Hearing Loss Variant Curation Expert Panel	GN005	Released	MONDO:0019497			Absent/Rare in population databases (absent or ≤0.00007 (0.007%) for autosomal recessive, ≤0.00002 (0.002%) for autosomal dominant). Background: Rarity or absence in the general population is not robust evidence for pathogenicity, particularly for autosomal recessive disorders. However, the ACMG/AMP Guidelines were devised in such a way that absence or rarity were considered moderate evidence towa
KRAS	BA1	Stand Alone	0.0005	ok		RASopathy Variant Curation Expert Panel	GN044	Released	MONDO:0021060	AD	100x tighter than the 0.05 default	GnomAD filtering allele frequency ≥0.05%.
KRAS	BS1	Strong	0.00025	ok		RASopathy Variant Curation Expert Panel	GN044	Released	MONDO:0021060	AD		GnomAD filtering allele frequency ≥0.025%.
KRAS	PM2	Supporting		absence-required	specifies absence from controls, not a bar	RASopathy Variant Curation Expert Panel	GN044	Released	MONDO:0021060	AD		The variant must be absent from controls (gnomAD).
LDLR	BA1	Stand Alone	0.005	ok		Familial Hypercholesterolemia Variant Curation Expert Panel	GN013	Released	MONDO:0007750			Variant has a PopMax FAF ≥0.005 (0.5%) in gnomAD.
LDLR	BS1	Strong	0.002	ok		Familial Hypercholesterolemia Variant Curation Expert Panel	GN013	Released	MONDO:0007750			Variant has a PopMax FAF ≥0.002 (0.2%) in gnomAD.
LDLR	PM2	Moderate	0.0002	ok		Familial Hypercholesterolemia Variant Curation Expert Panel	GN013	Released	MONDO:0007750		looser than the 0.0001 default	Variant has a PopMax MAF ≤0.0002 (0.02%) in gnomAD. Consider exceptions for known founder variants.
LZTR1	BA1	Stand Alone	0.0005	ok		RASopathy Variant Curation Expert Panel	GN094	Released	MONDO:0021060	AD|AR	100x tighter than the 0.05 default	GnomAD filtering allele frequency ≥0.05%.
LZTR1	BS1	Strong	0.00025	ok		RASopathy Variant Curation Expert Panel	GN094	Released	MONDO:0021060	AD|AR		GnomAD filtering allele frequency ≥0.025%.
LZTR1	PM2	Supporting	2.5e-05	ok		RASopathy Variant Curation Expert Panel	GN094	Released	MONDO:0021060	AD|AR		The variant must be absent from controls (gnomAD). For variants in LZTR1, PM2P ≤0.0025% may be applied to support AR disease.
MAP2K1	BA1	Stand Alone	0.0005	ok		RASopathy Variant Curation Expert Panel	GN045	Released	MONDO:0021060	AD	100x tighter than the 0.05 default	GnomAD filtering allele frequency ≥0.05%.
MAP2K1	BS1	Strong	0.00025	ok		RASopathy Variant Curation Expert Panel	GN045	Released	MONDO:0021060	AD		GnomAD filtering allele frequency ≥0.025%.
MAP2K1	PM2	Supporting		absence-required	specifies absence from controls, not a bar	RASopathy Variant Curation Expert Panel	GN045	Released	MONDO:0021060	AD		The variant must be absent from controls (gnomAD).
MAP2K2	BA1	Stand Alone	0.0005	ok		RASopathy Variant Curation Expert Panel	GN048	Released	MONDO:0021060	AD	100x tighter than the 0.05 default	GnomAD filtering allele frequency ≥0.05%.
MAP2K2	BS1	Strong	0.00025	ok		RASopathy Variant Curation Expert Panel	GN048	Released	MONDO:0021060	AD		GnomAD filtering allele frequency ≥0.025%.
MAP2K2	PM2	Supporting		absence-required	specifies absence from controls, not a bar	RASopathy Variant Curation Expert Panel	GN048	Released	MONDO:0021060	AD		The variant must be absent from controls (gnomAD).
MECP2	BA1	Stand Alone	8.3e-05	ok		Rett and Angelman-like Disorders Variant Curation Expert Panel	GN036	Released	MONDO:0010726	AR	602x tighter than the 0.05 default	Use large population databases (i.e. gnomAD). Use if variant is present at ≥0.000083 (0.0083%) in any sub-population. Use if allele frequency is met in any general continental population dataset of at least 2,000 observed alleles.
MECP2	BS1	Strong	8.3e-06	ok		Rett and Angelman-like Disorders Variant Curation Expert Panel	GN036	Released	MONDO:0010726	AR	602x tighter than the 0.005 default	Use large population databases (i.e. gnomAD). Use if variant is present at ≥0.0000083 (0.00083%) and <0.000083 (0.0083%) in any sub-population. Use if allele frequency is met in any general continental population dataset of at least 2,000 observed alleles.
MECP2	PM2	Supporting		absence-required	specifies absence from controls, not a bar	Rett and Angelman-like Disorders Variant Curation Expert Panel	GN036	Released	MONDO:0010726	AR		Absent/rare from controls in an ethnically-matched cohort population sample. Use if absent, zero observations in control databases.
MLH1	BA1	Stand Alone	0.001	ok		InSiGHT Hereditary Colorectal Cancer/Polyposis Variant Curation Expert Panel	GN115	Released	MONDO:0012249|MONDO:0010159	AD|AR		GnomAD v4 Grpmax filtering allele frequency ≥ 0.001 (0.1%) and variant is excluded as founder pathogenic variant.
MLH1	BS1	Strong	0.0001	ok		InSiGHT Hereditary Colorectal Cancer/Polyposis Variant Curation Expert Panel	GN115	Released	MONDO:0012249|MONDO:0010159	AD|AR		GnomAD v4 Grpmax filtering allele frequency ≥ 0.0001 and < 0.001 (0.01-0.1%) and variant is excluded as founder pathogenic variant.
MLH1	PM2	Supporting	2e-05	ok		InSiGHT Hereditary Colorectal Cancer/Polyposis Variant Curation Expert Panel	GN115	Released	MONDO:0012249|MONDO:0010159	AD|AR		Absent/extremely rare allele frequency <0.00002 (<1 in 50,000 alleles ) in gnomAD v4 dataset
MRAS	BA1	Stand Alone	0.0005	ok		RASopathy Variant Curation Expert Panel	GN087	Released	MONDO:0021060	AD	100x tighter than the 0.05 default	GnomAD filtering allele frequency ≥0.05%.
MRAS	BS1	Strong	0.00025	ok		RASopathy Variant Curation Expert Panel	GN087	Released	MONDO:0021060	AD		GnomAD filtering allele frequency ≥0.025%.
MRAS	PM2	Supporting		absence-required	specifies absence from controls, not a bar	RASopathy Variant Curation Expert Panel	GN087	Released	MONDO:0021060	AD		The variant must be absent from controls (gnomAD).
MSH2	BA1	Stand Alone	0.001	ok		InSiGHT Hereditary Colorectal Cancer/Polyposis Variant Curation Expert Panel	GN137	Released	MONDO:0007356|MONDO:0010159	AD|AR		GnomAD v4 Grpmax filtering allele frequency ≥ 0.001 (0.1%) and variant is excluded as founder pathogenic variant.
MSH2	BS1	Strong	0.0001	ok		InSiGHT Hereditary Colorectal Cancer/Polyposis Variant Curation Expert Panel	GN137	Released	MONDO:0007356|MONDO:0010159	AD|AR		GnomAD v4 Grpmax filtering allele frequency ≥ 0.0001 and < 0.001 (0.01-0.1%) and variant is excluded as founder pathogenic variant.
MSH2	PM2	Supporting	2e-05	ok		InSiGHT Hereditary Colorectal Cancer/Polyposis Variant Curation Expert Panel	GN137	Released	MONDO:0007356|MONDO:0010159	AD|AR		Absent/extremely rare allele frequency <0.00002 (<1 in 50,000 alleles ) in gnomAD v4 dataset
MSH6	BA1	Stand Alone	0.0022	ok		InSiGHT Hereditary Colorectal Cancer/Polyposis Variant Curation Expert Panel	GN138	Released	MONDO:0005835|MONDO:0010159	AD|AR		GnomAD v4 Grpmax filtering allele frequency ≥ 0.0022 (0.22%) and variant is excluded as founder pathogenic variant.
MSH6	BS1	Strong	0.00022	ok		InSiGHT Hereditary Colorectal Cancer/Polyposis Variant Curation Expert Panel	GN138	Released	MONDO:0005835|MONDO:0010159	AD|AR		GnomAD v4 Grpmax filtering allele frequency ≥ 0.00022 and < 0.0022 (0.022-0.22%) and variant is excluded as founder pathogenic variant.
MSH6	PM2	Supporting	2e-05	ok		InSiGHT Hereditary Colorectal Cancer/Polyposis Variant Curation Expert Panel	GN138	Released	MONDO:0005835|MONDO:0010159	AD|AR		Absent/extremely rare allele frequency <0.00002 (<1 in 50,000 alleles ) in gnomAD v4 dataset
MTM1	BA1	Stand Alone	1.6e-05	ok		Congenital Myopathies Variant Curation Expert Panel	GN149	Released	MONDO:0018947	AR	3125x tighter than the 0.05 default	The minor allele frequency using the filtering allele frequency of either exomes or genomes in gnomAD is ≥0.000016. All continental gnomAD populations used should have at least 2000 alleles and >1 observation.
MTM1	BS1	Strong	1.6e-06	ok		Congenital Myopathies Variant Curation Expert Panel	GN149	Released	MONDO:0018947	AR	3125x tighter than the 0.005 default	The minor allele frequency using the filtering allele frequency of either exomes or genomes in gnomAD is ≥0.0000016. All continental gnomAD populations used should have at least 2000 alleles and >1 observation.
MTM1	PM2	Supporting		absence-required	specifies absence from controls, not a bar	Congenital Myopathies Variant Curation Expert Panel	GN149	Released	MONDO:0018947	AR		PM2Supporting may be applied if the minor allele frequency in population databases of at least 2000 alleles is absent (1 observation allowed in females only)
MTOR	BA1	Stand Alone	0.000926	ok		Brain Malformations Variant Curation Expert Panel	GN018	Released	MONDO:0016054			Allele frequency (>0.0926%). An allele frequency (>0.0926%) was approved. Note: this was adjusted from ACMG Guidelines due to maintaining the 5x threshold for benign (consistent with previously established guidelines)
MTOR	BS1	Strong	0.000185	ok		Brain Malformations Variant Curation Expert Panel	GN018	Released	MONDO:0016054			Allele frequency (>0.0185%). An allele frequency (>0.0185%) was approved. (Supplemental Table 3).
MTOR	PM2	Supporting		absence-required	specifies absence from controls, not a bar	Brain Malformations Variant Curation Expert Panel	GN018	Released	MONDO:0016054			Absent/rare from controls in an ethnically-matched cohort population sample ( ≥1).
MYBPC3	BA1	Stand Alone	0.001	ok		Cardiomyopathy Variant Curation Expert Panel	GN095	Released	MONDO:0005045	AD		Allele frequency is ≥0.001 based on the filtering allele frequency (FAF) in gnomAD in the subpopulation with the highest frequency (popmax). The values used to calculate the BA1 threshold were derived from studies in Northern European populations that have been relatively well-characterized with regards to disease prevalence and variant spectrum. These thresholds can be applied to any population w
MYBPC3	BS1	Strong	0.0002	ok		Cardiomyopathy Variant Curation Expert Panel	GN095	Released	MONDO:0005045	AD		Allele frequency is ≥0.0002 for MYBPC3 based on the filtering allele frequency (FAF) in gnomAD in the subpopulation with the highest frequency (popmax). Criterion BS1 may only be used as standalone evidence to classify a variant as Likely Benign in the absence of conflicting data. See SVI guidance (Tavtigian et al. 2018 ; Tavtigian et al. 2020 ). See BA1 for additional specifications that also app
MYBPC3	PM2	Supporting	4e-05	ok	ignored as out of range: 0.02	Cardiomyopathy Variant Curation Expert Panel	GN095	Released	MONDO:0005045	AD		The values used to calculate the PM2 thresholds were derived from studies in Northern European populations that have been relatively well-characterized with regards to disease prevalence and variant spectrum. These thresholds can be applied to any population where disease prevalence is considered comparable (1/500 or lower), where the most frequent pathogenic variant accounts for no more than 2% o
MYH7	BA1	Stand Alone	0.001	ok		Cardiomyopathy Variant Curation Expert Panel	GN002	Released	MONDO:0005021|MONDO:0005045	AD		Allele frequency is ≥0.001 based on the filtering allele frequency (FAF) in gnomAD in the subpopulation with the highest frequency (popmax). The values used to calculate the BA1 threshold were derived from studies in Northern European populations that have been relatively well-characterized with regards to disease prevalence and variant spectrum. These thresholds can be applied to any population w
MYH7	BS1	Strong	0.0001	ok		Cardiomyopathy Variant Curation Expert Panel	GN002	Released	MONDO:0005021|MONDO:0005045	AD		Allele frequency is ≥0.0001 for MYH7 based on the filtering allele frequency (FAF) in gnomAD in the subpopulation with the highest frequency (popmax). Criterion BS1 may only be used as standalone evidence to classify a variant as Likely Benign in the absence of conflicting data. See SVI guidance (Tavtigian et al. 2018 ; Tavtigian et al. 2020 ). See BA1 for additional specifications that also apply
MYH7	PM2	Supporting	4e-05	ok	ignored as out of range: 0.02	Cardiomyopathy Variant Curation Expert Panel	GN002	Released	MONDO:0005021|MONDO:0005045	AD		The values used to calculate the PM2 thresholds were derived from studies in Northern European populations that have been relatively well-characterized with regards to disease prevalence and variant spectrum. These thresholds can be applied to any population where disease prevalence is considered comparable (1/500 or lower), where the most frequent pathogenic variant accounts for no more than 2% o
MYL2	BA1	Stand Alone	0.001	ok		Cardiomyopathy Variant Curation Expert Panel	GN102	Released	MONDO:0005045	AD		Allele frequency is ≥0.001 based on the filtering allele frequency (FAF) in gnomAD in the subpopulation with the highest frequency (popmax). The values used to calculate the BA1 threshold were derived from studies in Northern European populations that have been relatively well-characterized with regards to disease prevalence and variant spectrum. These thresholds can be applied to any population w
MYL2	BS1	Strong	0.0001	ok		Cardiomyopathy Variant Curation Expert Panel	GN102	Released	MONDO:0005045	AD		Allele frequency is ≥0.0001 for MYL2 based on the filtering allele frequency (FAF) in gnomAD in the subpopulation with the highest frequency (popmax). Criterion BS1 may only be used as standalone evidence to classify a variant as Likely Benign in the absence of conflicting data. See SVI guidance (Tavtigian et al. 2018 ; Tavtigian et al. 2020 ). See BA1 for additional specifications that also apply
MYL2	PM2	Supporting	4e-05	ok	ignored as out of range: 0.02	Cardiomyopathy Variant Curation Expert Panel	GN102	Released	MONDO:0005045	AD		The values used to calculate the PM2 thresholds were derived from studies in Northern European populations that have been relatively well-characterized with regards to disease prevalence and variant spectrum. These thresholds can be applied to any population where disease prevalence is considered comparable (1/500 or lower), where the most frequent pathogenic variant accounts for no more than 2% o
MYL3	BA1	Stand Alone	0.001	ok		Cardiomyopathy Variant Curation Expert Panel	GN103	Released	MONDO:0005045	AD		Allele frequency is ≥0.001 based on the filtering allele frequency (FAF) in gnomAD in the subpopulation with the highest frequency (popmax). The values used to calculate the BA1 threshold were derived from studies in Northern European populations that have been relatively well-characterized with regards to disease prevalence and variant spectrum. These thresholds can be applied to any population w
MYL3	BS1	Strong	0.0001	ok		Cardiomyopathy Variant Curation Expert Panel	GN103	Released	MONDO:0005045	AD		Allele frequency is ≥0.0001 for MYL3 based on the filtering allele frequency (FAF) in gnomAD in the subpopulation with the highest frequency (popmax). Criterion BS1 may only be used as standalone evidence to classify a variant as Likely Benign in the absence of conflicting data. See SVI guidance (Tavtigian et al. 2018 ; Tavtigian et al. 2020 ). See BA1 for additional specifications that also apply
MYL3	PM2	Supporting	4e-05	ok	ignored as out of range: 0.02	Cardiomyopathy Variant Curation Expert Panel	GN103	Released	MONDO:0005045	AD		The values used to calculate the PM2 thresholds were derived from studies in Northern European populations that have been relatively well-characterized with regards to disease prevalence and variant spectrum. These thresholds can be applied to any population where disease prevalence is considered comparable (1/500 or lower), where the most frequent pathogenic variant accounts for no more than 2% o
MYO15A	BA1	Stand Alone	0.005	ok		Hearing Loss Variant Curation Expert Panel	GN023	Released	MONDO:0019497			MAF of ≥0.005 (0.5%) for autosomal recessive.
MYO15A	BS1			not-specified	VCEP marks this criterion Not Applicable, or omits it	Hearing Loss Variant Curation Expert Panel	GN023	Released	MONDO:0019497			
MYO15A	PM2	Supporting	7e-05	ok		Hearing Loss Variant Curation Expert Panel	GN023	Released	MONDO:0019497			Absent/Rare in population databases (absent or ≤0.00007 (0.007%) for autosomal recessive).
MYO6	BA1	Stand Alone		inheritance-conditioned	separate bars by inheritance: 0.001, 0.005	Hearing Loss Variant Curation Expert Panel	GN005	Released	MONDO:0019497			MAF of ≥0.005 (0.5%) for autosomal recessive; MAF of ≥0.001 (0.1%) for autosomal dominant.
MYO6	BS1	Strong		inheritance-conditioned	separate bars by inheritance: 0.0002, 0.003	Hearing Loss Variant Curation Expert Panel	GN005	Released	MONDO:0019497			MAF of ≥0.003 (0.3%) for autosomal recessive; MAF of ≥0.0002 (0.02%) for autosomal dominant. Likely benign, provided there is no conflicting evidence.
MYO6	PM2	Supporting		inheritance-conditioned	separate bars by inheritance: 2e-05, 7e-05	Hearing Loss Variant Curation Expert Panel	GN005	Released	MONDO:0019497			Absent/Rare in population databases (absent or ≤0.00007 (0.007%) for autosomal recessive, ≤0.00002 (0.002%) for autosomal dominant). Background: Rarity or absence in the general population is not robust evidence for pathogenicity, particularly for autosomal recessive disorders. However, the ACMG/AMP Guidelines were devised in such a way that absence or rarity were considered moderate evidence towa
MYO7A	BA1	Stand Alone		inheritance-conditioned	separate bars by inheritance: 0.001, 0.005	Hearing Loss Variant Curation Expert Panel	GN005	Released	MONDO:0019501|MONDO:0019497			MAF of ≥0.005 (0.5%) for autosomal recessive; MAF of ≥0.001 (0.1%) for autosomal dominant.
MYO7A	BS1	Strong		inheritance-conditioned	separate bars by inheritance: 0.0002, 0.003	Hearing Loss Variant Curation Expert Panel	GN005	Released	MONDO:0019501|MONDO:0019497			MAF of ≥0.003 (0.3%) for autosomal recessive; MAF of ≥0.0002 (0.02%) for autosomal dominant. Likely benign, provided there is no conflicting evidence.
MYO7A	PM2	Supporting		inheritance-conditioned	separate bars by inheritance: 2e-05, 7e-05	Hearing Loss Variant Curation Expert Panel	GN005	Released	MONDO:0019501|MONDO:0019497			Absent/Rare in population databases (absent or ≤0.00007 (0.007%) for autosomal recessive, ≤0.00002 (0.002%) for autosomal dominant). Background: Rarity or absence in the general population is not robust evidence for pathogenicity, particularly for autosomal recessive disorders. However, the ACMG/AMP Guidelines were devised in such a way that absence or rarity were considered moderate evidence towa
MYOC	BA1	Stand Alone	0.01	ok		Glaucoma Variant Curation Expert Panel	GN019	Released	MONDO:0005338	AD		Allele frequency ≥ 0.01 in population databases.
MYOC	BS1	Strong	0.001	ok		Glaucoma Variant Curation Expert Panel	GN019	Released	MONDO:0005338	AD		Allele frequency ≥ 0.001 in population databases.
MYOC	PM2	Supporting	0.0001	ok		Glaucoma Variant Curation Expert Panel	GN019	Released	MONDO:0005338	AD		Allele frequency ≤ 0.0001 in population databases.
NEB	BA1	Stand Alone	0.00559	ok		Congenital Myopathies Variant Curation Expert Panel	GN146	Released	MONDO:0018958	AR		The minor allele frequency using the filtering allele frequency of either exomes or genomes in gnomAD is ≥0.00559. All populations used should have at least 2000 alleles and >1 observation. The Ashkenazi Jewish, European Finnish, and Other populations in gnomAD will not be used for BA1 application. BA1 exclusion variants (well-known pathogenic variants that are above the specified BA1 threshold) a
NEB	BS1	Strong	0.000237	ok		Congenital Myopathies Variant Curation Expert Panel	GN146	Released	MONDO:0018958	AR		The minor allele frequency using the filtering allele frequency of either exomes or genomes in gnomAD is ≥0.000237 in continental populations. All populations used should have at least 2000 alleles and >1 observation.
NEB	PM2	Supporting	5.59e-05	ok		Congenital Myopathies Variant Curation Expert Panel	GN146	Released	MONDO:0018958	AR		PM2Supporting may be applied if the minor allele frequency in population databases of at least 2000 alleles is ≤ 0.0000559. 1 allele is allowed.
NRAS	BA1	Stand Alone	0.0005	ok		RASopathy Variant Curation Expert Panel	GN039	Released	MONDO:0021060	AD	100x tighter than the 0.05 default	GnomAD filtering allele frequency ≥0.05%.
NRAS	BS1	Strong	0.00025	ok		RASopathy Variant Curation Expert Panel	GN039	Released	MONDO:0021060	AD		GnomAD filtering allele frequency ≥0.025%.
NRAS	PM2	Supporting		absence-required	specifies absence from controls, not a bar	RASopathy Variant Curation Expert Panel	GN039	Released	MONDO:0021060	AD		The variant must be absent from controls (gnomAD).
OTC	BA1	Stand Alone	0.01	ok		Urea Cycle Disorders Variant Curation Expert Panel	GN156	Released	MONDO:0010703	AR		Allele frequency above 0.010000 (1.0%), Grpmax Filtering Allele Frequency OR ≥10 (female) homozygotes or (male) hemizygotes in the most current version of gnomAD available at the time of curation.
OTC	BS1	Strong	0.002	ok		Urea Cycle Disorders Variant Curation Expert Panel	GN156	Released	MONDO:0010703	AR		An allele frequency >0.002000 (0.2%), Grpmax Filtering Allele Frequency in the most current version of gnomAD available at the time of curation. Note: Both BS1 and BS2 cannot be applied if the same dataset is used to assess population data
OTC	PM2	Supporting	1.5e-05	ok		Urea Cycle Disorders Variant Curation Expert Panel	GN156	Released	MONDO:0010703	AR		Applicable for variants in OTC with Grpmax Filtering Allele Frequency <0.000015 (0.0015%) AND ≤1 homo- or hemizygote in the most current version of gnomAD available at the time of curation. Rationale: The most common pathogenic variant in population databases is p.Arg40Cys, which is associated with late onset OTC Deficiency (PMID: 23209112, 7860066, 11260212, others) and present in 17 heterozygote
OTOF	BA1	Stand Alone	0.005	ok		Hearing Loss Variant Curation Expert Panel	GN023	Released	MONDO:0019497			MAF of ≥0.005 (0.5%) for autosomal recessive.
OTOF	BS1			not-specified	VCEP marks this criterion Not Applicable, or omits it	Hearing Loss Variant Curation Expert Panel	GN023	Released	MONDO:0019497			
OTOF	PM2	Supporting	7e-05	ok		Hearing Loss Variant Curation Expert Panel	GN023	Released	MONDO:0019497			Absent/Rare in population databases (absent or ≤0.00007 (0.007%) for autosomal recessive).
PAH	BA1	Stand Alone	0.015	ok		Phenylketonuria Variant Curation Expert Panel	GN006	Released	MONDO:0009861			An allele frequency ≥0.015 (1.5%), which is calculated with genetic heterogeneity of 90% to account for defects of BH4 metabolism, and penetrance of 80% to account for individuals who come to attention after becoming clinically symptomatic.
PAH	BS1	Strong	0.002	ok		Phenylketonuria Variant Curation Expert Panel	GN006	Released	MONDO:0009861			Allele frequency ≥0.002 (0.2%)
PAH	PM2	Supporting	0.0002	ok		Phenylketonuria Variant Curation Expert Panel	GN006	Released	MONDO:0009861		looser than the 0.0001 default	Threshold <0.0002 (0.02%) The 0.0002 cutoff is based on disease frequency of 1:12,000 and the most common PAH pathogenic variant, R408W, the ExAC frequency is 0.0006594 (ExAC MAF: 0.001109 74/66718 European Non-Finnish) and gnomAD overall: 0.0009056 (gnomAD MAF: 0.001728 219/126,700 European Non-Finnish).
PALB2	BA1	Stand Alone	0.001	ok		Hereditary Breast, Ovarian and Pancreatic Cancer Variant Curation Expert Panel	GN077	Released	MONDO:0700272|MONDO:0012565	AD|AR		Grpmax Filtering AF >.1% in gnomAD v4 dataset
PALB2	BS1	Strong	0.0001	ok		Hereditary Breast, Ovarian and Pancreatic Cancer Variant Curation Expert Panel	GN077	Released	MONDO:0700272|MONDO:0012565	AD|AR		Grpmax Filtering AF >.01% in gnomAD v4 dataset
PALB2	PM2	Supporting		no-threshold	no inequality attached to a frequency	Hereditary Breast, Ovarian and Pancreatic Cancer Variant Curation Expert Panel	GN077	Released	MONDO:0700272|MONDO:0012565	AD|AR		Frequency ≤ 1/300,000 (0.000333%) in gnomAD v4 dataset
PDHA1	BA1	Stand Alone	0.00092	ok		Mitochondrial Diseases Variant Curation Expert Panel	GN014	Released	MONDO:0019169			>0.00092 (>0.092%)
PDHA1	BS1	Strong	9.2e-05	ok		Mitochondrial Diseases Variant Curation Expert Panel	GN014	Released	MONDO:0019169			>0.000092 (>0.0092%)
PDHA1	PM2	Moderate	9.2e-06	ok		Mitochondrial Diseases Variant Curation Expert Panel	GN014	Released	MONDO:0019169			0.0000092 (<0.00092%)
PIK3CA	BA1	Stand Alone	0.000926	ok		Brain Malformations Variant Curation Expert Panel	GN018	Released	MONDO:0016054			Allele frequency (>0.0926%). An allele frequency (>0.0926%) was approved. Note: this was adjusted from ACMG Guidelines due to maintaining the 5x threshold for benign (consistent with previously established guidelines)
PIK3CA	BS1	Strong	0.000185	ok		Brain Malformations Variant Curation Expert Panel	GN018	Released	MONDO:0016054			Allele frequency (>0.0185%). An allele frequency (>0.0185%) was approved. (Supplemental Table 3).
PIK3CA	PM2	Supporting		absence-required	specifies absence from controls, not a bar	Brain Malformations Variant Curation Expert Panel	GN018	Released	MONDO:0016054			Absent/rare from controls in an ethnically-matched cohort population sample ( ≥1).
PIK3CD	BA1	Stand Alone	0.00316	ok		Antibody Deficiencies Variant Curation Expert Panel	GN141	Released	MONDO:0014222	AD		Applicable to variants with a GrpMax filtering allele frequency greater than or equal to 0.00316 in gnomAD v4.1.0. If GrpMax filtering allele frequency is not listed for the variant, this code is applicable to the maximum allele frequency among the five major continental populations (African / African-American, East Asian, European non-Finnish, Latino / Admixed-American, or South Asian). Maximum c
PIK3CD	BS1	Strong	0.000316	ok		Antibody Deficiencies Variant Curation Expert Panel	GN141	Released	MONDO:0014222	AD		Applicable to variants with a GrpMax filtering allele frequency greater than or equal to 0.000316 in gnomAD v4.1.0. If GrpMax filtering allele frequency is not listed for the variant, this code is applicable to the maximum allele frequency among the five major continental populations (African / African-American, East Asian, European non-Finnish, Latino / Admixed-American, or South Asian). The BS1 
PIK3CD	PM2	Supporting	1.32e-06	ok		Antibody Deficiencies Variant Curation Expert Panel	GN141	Released	MONDO:0014222	AD		Downgraded to PM2Supporting Applicable to variants with a total allele frequency <0.00000132 across all populations in gnomAD v4.1.0. Maximum credible population allele frequency threshold determined using Whiffin/Ware calculator ( ) and the following estimated parameters (with the prevalence estimated for autosomal dominant PIK3CD-related immune disease): Prevalence: 1 in 4000 (a conservative est
PIK3R1	BA1	Stand Alone	0.00316	ok		Antibody Deficiencies Variant Curation Expert Panel	GN160	Released	MONDO:1060136	AD		Applicable to variants with a GrpMax filtering allele frequency greater than or equal to 0.00316 in gnomAD v4.1.0. If GrpMax filtering allele frequency is not listed for the variant, this code is applicable to the maximum allele frequency among the five major continental populations (African / African-American, East Asian, European non-Finnish, Latino / Admixed-American, or South Asian). Maximum c
PIK3R1	BS1	Strong	0.000316	ok		Antibody Deficiencies Variant Curation Expert Panel	GN160	Released	MONDO:1060136	AD		Applicable to variants with a GrpMax filtering allele frequency greater than or equal to 0.000316 in gnomAD v4.1.0. If GrpMax filtering allele frequency is not listed for the variant, this code is applicable to the maximum allele frequency among the five major continental populations (African / African-American, East Asian, European non-Finnish, Latino / Admixed-American, or South Asian). The BS1 
PIK3R1	PM2	Supporting	1.32e-06	ok		Antibody Deficiencies Variant Curation Expert Panel	GN160	Released	MONDO:1060136	AD		Used at PM2Supporting strength. Applicable to variants with a total allele frequency <0.00000132 across all populations in gnomAD v4.1.0. Population allele frequency threshold has been determined using the Whiffin/Ware calculator ( ) and the following estimated parameters (with the prevalence estimated for primary immunodeficiency and the inheritance tailored to the autosomal dominant mode of inhe
PIK3R2	BA1	Stand Alone	0.000926	ok		Brain Malformations Variant Curation Expert Panel	GN018	Released	MONDO:0016054			Allele frequency (>0.0926%). An allele frequency (>0.0926%) was approved. Note: this was adjusted from ACMG Guidelines due to maintaining the 5x threshold for benign (consistent with previously established guidelines)
PIK3R2	BS1	Strong	0.000185	ok		Brain Malformations Variant Curation Expert Panel	GN018	Released	MONDO:0016054			Allele frequency (>0.0185%). An allele frequency (>0.0185%) was approved. (Supplemental Table 3).
PIK3R2	PM2	Supporting		absence-required	specifies absence from controls, not a bar	Brain Malformations Variant Curation Expert Panel	GN018	Released	MONDO:0016054			Absent/rare from controls in an ethnically-matched cohort population sample ( ≥1).
PMS2	BA1	Stand Alone	0.0028	ok		InSiGHT Hereditary Colorectal Cancer/Polyposis Variant Curation Expert Panel	GN139	Released	MONDO:0013699|MONDO:0010159	AD|AR		GnomAD v4 Grpmax filtering allele frequency ≥ 0.0028 (0.28%) and variant is excluded as founder pathogenic variant.
PMS2	BS1	Strong	0.00028	ok		InSiGHT Hereditary Colorectal Cancer/Polyposis Variant Curation Expert Panel	GN139	Released	MONDO:0013699|MONDO:0010159	AD|AR		GnomAD v4 Grpmax filtering allele frequency ≥ 0.00028 and < 0.0028 (0.028-0.28%) and variant is excluded as founder pathogenic variant.
PMS2	PM2	Supporting	2e-05	ok		InSiGHT Hereditary Colorectal Cancer/Polyposis Variant Curation Expert Panel	GN139	Released	MONDO:0013699|MONDO:0010159	AD|AR		Absent/extremely rare allele frequency <0.00002 (<1 in 50,000 alleles ) in gnomAD v4 dataset
POLG	BA1	Stand Alone	0.01	ok		Mitochondrial Diseases Variant Curation Expert Panel	GN014	Released	MONDO:0044970			>0.01 (>1%)
POLG	BS1	Strong	0.005	ok		Mitochondrial Diseases Variant Curation Expert Panel	GN014	Released	MONDO:0044970			>0.005 (>0.5% - AR)
POLG	PM2	Moderate	0.0005	ok		Mitochondrial Diseases Variant Curation Expert Panel	GN014	Released	MONDO:0044970		looser than the 0.0001 default	<0.0005 (<0.05% )
PPP1CB	BA1	Stand Alone	0.0005	ok		RASopathy Variant Curation Expert Panel	GN128	Released	MONDO:0021060	AD	100x tighter than the 0.05 default	GnomAD filtering allele frequency ≥0.05%.
PPP1CB	BS1	Strong	0.00025	ok		RASopathy Variant Curation Expert Panel	GN128	Released	MONDO:0021060	AD		GnomAD filtering allele frequency ≥0.025%.
PPP1CB	PM2	Supporting		absence-required	specifies absence from controls, not a bar	RASopathy Variant Curation Expert Panel	GN128	Released	MONDO:0021060	AD		The variant must be absent from controls (gnomAD).
PTEN	BA1	Stand Alone	0.00056	ok		PTEN Variant Curation Expert Panel	GN003	Released	MONDO:0017623	AD		gnomAD Filtering allele frequency >0.00056 (0.056%)
PTEN	BS1	Strong		no-threshold	no inequality attached to a frequency	PTEN Variant Curation Expert Panel	GN003	Released	MONDO:0017623	AD		gnomAD Filtering allele frequency from 0.000043 (0.0043%) up to 0.00056 (0.056%)
PTEN	PM2	Supporting		ambiguous	2 disagreeing bars: 1e-05, 2e-05	PTEN Variant Curation Expert Panel	GN003	Released	MONDO:0017623	AD		Absent in population Databases present at <0.00001 (0.001%) allele frequency in gnomAD or another large sequenced population. If multiple alleles are present within any subpopulation, allele frequency in that subpopulation must be <0.00002 (0.002%).
PTPN11	BA1	Stand Alone	0.0005	ok		RASopathy Variant Curation Expert Panel	GN043	Released	MONDO:0021060	AD	100x tighter than the 0.05 default	GnomAD filtering allele frequency ≥0.05%.
PTPN11	BS1	Strong	0.00025	ok		RASopathy Variant Curation Expert Panel	GN043	Released	MONDO:0021060	AD		GnomAD filtering allele frequency ≥0.025%.
PTPN11	PM2	Supporting		absence-required	specifies absence from controls, not a bar	RASopathy Variant Curation Expert Panel	GN043	Released	MONDO:0021060	AD		The variant must be absent from controls (gnomAD).
RAF1	BA1	Stand Alone	0.0005	ok		RASopathy Variant Curation Expert Panel	GN040	Released	MONDO:0021060	AD	100x tighter than the 0.05 default	GnomAD filtering allele frequency ≥0.05%.
RAF1	BS1	Strong	0.00025	ok		RASopathy Variant Curation Expert Panel	GN040	Released	MONDO:0021060	AD		GnomAD filtering allele frequency ≥0.025%.
RAF1	PM2	Supporting		absence-required	specifies absence from controls, not a bar	RASopathy Variant Curation Expert Panel	GN040	Released	MONDO:0021060	AD		The variant must be absent from controls (gnomAD).
RAG1	BA1	Stand Alone	0.00872	ok		Severe Combined Immunodeficiency Disease  Variant Curation Expert Panel	GN123	Released	MONDO:0000572	AR		gnomAD popmax filtering allele frequency >0.00872.
RAG1	BS1	Strong	0.00195	ok		Severe Combined Immunodeficiency Disease  Variant Curation Expert Panel	GN123	Released	MONDO:0000572	AR		gnomAD popmax filtering allele frequency >0.00195 1 1 Consider also bottleneck populations.
RAG1	PM2	Supporting	0.000102	ok		Severe Combined Immunodeficiency Disease  Variant Curation Expert Panel	GN123	Released	MONDO:0000572	AR	looser than the 0.0001 default	gnomAD popmax filtering allele frequency <0.000102 An additional requirement is that no homozygotes have been observed in gnomAD.
RAG2	BA1	Stand Alone	0.00872	ok		Severe Combined Immunodeficiency Disease  Variant Curation Expert Panel	GN124	Released	MONDO:0000573	AR		gnomAD popmax filtering allele frequency >0.00872
RAG2	BS1	Strong	0.00195	ok		Severe Combined Immunodeficiency Disease  Variant Curation Expert Panel	GN124	Released	MONDO:0000573	AR		gnomAD popmax filtering allele frequency >0.00195 1 1 Consider also bottleneck populations.
RAG2	PM2	Supporting	5.88e-05	ok		Severe Combined Immunodeficiency Disease  Variant Curation Expert Panel	GN124	Released	MONDO:0000573	AR		gnomAD popmax filtering allele frequency <0.0000588 An additional requirement is that no homozygotes have been observed in gnomAD.
RIT1	BA1	Stand Alone	0.0005	ok		RASopathy Variant Curation Expert Panel	GN047	Released	MONDO:0021060	AD	100x tighter than the 0.05 default	GnomAD filtering allele frequency ≥0.05%.
RIT1	BS1	Strong	0.00025	ok		RASopathy Variant Curation Expert Panel	GN047	Released	MONDO:0021060	AD		GnomAD filtering allele frequency ≥0.025%.
RIT1	PM2	Supporting		absence-required	specifies absence from controls, not a bar	RASopathy Variant Curation Expert Panel	GN047	Released	MONDO:0021060	AD		The variant must be absent from controls (gnomAD).
RMRP	BA1	Stand Alone	0.004	ok		Severe Combined Immunodeficiency Disease  Variant Curation Expert Panel	GN088	Released	MONDO:0009595	AR		Common in population databases. gnomAD popmax filtering allele frequency >0.00400 Maximum credible population allele frequency threshold determined using Whiffin/Ware calculator ( ) and the following parameters: Prevalence: 1:5,000 Allelic heterogeneity: 1 Genetic heterogeneity: 0.04 (based on the contribution of RMRP variants to total SCID in the PIDTC 6901 cohort reported in Dvorak et al., 2019 
RMRP	BS1	Strong	0.00089	ok		Severe Combined Immunodeficiency Disease  Variant Curation Expert Panel	GN088	Released	MONDO:0009595	AR		Allele frequency is greater than expected for disorder. gnomAD popmax filtering allele frequency >0.00089 Maximum credible population allele frequency threshold determined using Whiffin/Ware calculator ( ) and the following parameters: Prevalence: 1:50,000 Allelic heterogeneity: 1 Genetic heterogeneity: 0.04 (based on the contribution of RMRP variants to total SCID in the PIDTC 6901 cohort reporte
RMRP	PM2	Supporting	4.47e-05	ok		Severe Combined Immunodeficiency Disease  Variant Curation Expert Panel	GN088	Released	MONDO:0009595	AR		Absent in population databases (or at extremely low frequency if recessive). Downgraded to PM2Supporting. gnomAD popmax filtering allele frequency <0.0000447 The applicability of PM2 to suspected founder variants with allele frequencies exceeding the PM2 threshold will be evaluated on a case-by-case basis by the VCEP.
RPE65	BA1	Stand Alone		superscript-notation	exponent lost when markup was stripped	Leber Congenital Amaurosis/early onset Retinal Dystrophy Variant Curation Expert Panel	GN120	Released	MONDO:0100368	AR		Use gnomAD PopMax FAF if available, cutoff of ≥8 x 10 -3 Use large population databases (i.e. gnomAD).
RPE65	BS1	Strong		superscript-notation	exponent lost when markup was stripped	Leber Congenital Amaurosis/early onset Retinal Dystrophy Variant Curation Expert Panel	GN120	Released	MONDO:0100368	AR		Allele frequency greater than expected for disorder. Use gnomAD PopMax FAF if available. Allele frequency of between 8x10 -3 and 8x10 -4
RPE65	PM2	Supporting		superscript-notation	exponent lost when markup was stripped	Leber Congenital Amaurosis/early onset Retinal Dystrophy Variant Curation Expert Panel	GN120	Released	MONDO:0100368	AR		Absent/rare from controls in an ethnically-matched cohort population sample. Used if the gnomAD PopMax Filtering Allele Frequency (FAF) is ≤ 2.0 x 10 -4 .
RPGR	BA1	Stand Alone	0.05	ok		X-linked Inherited Retinal Disease Variant Curation Expert Panel	GN106	Released	MONDO:0100437	AR		Allele frequency in males is above 5% in Exome Sequencing Project, 1000 Genomes or Exome Aggregation Consortium in the subpopulation with the highest frequency.
RPGR	BS1	Strong		superscript-notation	exponent lost when markup was stripped	X-linked Inherited Retinal Disease Variant Curation Expert Panel	GN106	Released	MONDO:0100437	AR		Allele frequency in males is greater than expected for the disorder. Use for alleles with frequency ≥8.3x10 -5 (based on the most frequent pathogenic allele).
RPGR	PM2	Supporting		superscript-notation	exponent lost when markup was stripped	X-linked Inherited Retinal Disease Variant Curation Expert Panel	GN106	Released	MONDO:0100437	AR		Allele frequency in males ≤ 0.00005 (≤5x10 -5 ) in population databases. Highest allele frequency in a subpopulation should be used to assess this.
RRAS2	BA1	Stand Alone	0.0005	ok		RASopathy Variant Curation Expert Panel	GN127	Released	MONDO:0021060	AD	100x tighter than the 0.05 default	GnomAD filtering allele frequency ≥0.05%.
RRAS2	BS1	Strong	0.00025	ok		RASopathy Variant Curation Expert Panel	GN127	Released	MONDO:0021060	AD		GnomAD filtering allele frequency ≥0.025%.
RRAS2	PM2	Supporting		absence-required	specifies absence from controls, not a bar	RASopathy Variant Curation Expert Panel	GN127	Released	MONDO:0021060	AD		The variant must be absent from controls (gnomAD).
RS1	BA1	Stand Alone		superscript-notation	exponent lost when markup was stripped	X-linked Inherited Retinal Disease Variant Curation Expert Panel	GN126	Released	MONDO:0010725	AR		Allele frequency ≥ 2x10 -4 in males in population databases (Exome Sequencing Project, 1000 Genomes or Exome Aggregation Consortium) in the subpopulation with the highest frequency.
RS1	BS1	Strong		superscript-notation	exponent lost when markup was stripped	X-linked Inherited Retinal Disease Variant Curation Expert Panel	GN126	Released	MONDO:0010725	AR		Allele frequency ≥ 2x10 -5 in males in population databases. - The highest allele frequency in population databases should be used
RS1	PM2	Supporting		no-threshold	no inequality attached to a frequency	X-linked Inherited Retinal Disease Variant Curation Expert Panel	GN126	Released	MONDO:0010725	AR		At low frequency in males in population databases. Use -6 for cut off. This is defined relative to the BA1 cutoff.
RUNX1	BA1	Stand Alone	0.0015	ok		Myeloid Malignancy Variant Curation Expert Panel	GN008	Released	MONDO:0011071	AD		RUNX1 Specification: BA1: Minor allele frequency ≥ 0.0015 (0.15%) in any general continental population dataset with ≥ 2,000 alleles tested and variant present in ≥ 5 alleles.
RUNX1	BS1	Strong		no-threshold	no inequality attached to a frequency	Myeloid Malignancy Variant Curation Expert Panel	GN008	Released	MONDO:0011071	AD		MM-VCEP notes: Similarly, for the BS1 calculation, we utilized the Whiffin/Ware calculator (http://cardiodb.org/allelefrequencyapp/) with a prevalence of 1 in 40, a conservative unascertained penetrance estimate of 85%, an allelic heterogeneity of 100% and a maximum genetic heterogeneity of 1% (one magnitude lower than for BA1). A 95% confidence interval was used to develop the threshold. We devel
RUNX1	PM2	Supporting	5e-05	ok		Myeloid Malignancy Variant Curation Expert Panel	GN008	Released	MONDO:0011071	AD		PM2Supporting: Minor allele frequency ≤ 0.00005 with at least 2000 alleles tested around and 20x coverage at the position. Caveat: We recommend evaluating PM2supporting using the GrpMax FAF when it is available in gnomAD v4.1.0. If a GrpMax FAF value is not available, we recommend requiring that all subpopulations meet the PM2supporting threshold.
RYR1	BA1	Stand Alone	0.0038	conflicting-panels		Malignant Hyperthermia Susceptibility Variant Curation Expert Panel	GN012	Released	MONDO:0018493			Popmax allele frequency >0.0038 (0.38%)
RYR1	BA1	Stand Alone	4.86e-05	conflicting-panels		Congenital Myopathies Variant Curation Expert Panel	GN150	Released	MONDO:0100150	AD	1029x tighter than the 0.05 default	The minor allele frequency using the filtering allele frequency of either exomes or genomes of continental populations in gnomAD is ≥0.0000486 for AD variants. All populations used should have at least 2000 alleles and >1 observation. BA1 exclusion variants (well-known pathogenic variants that are above the specified BA1 or BS1 threshold) are as follows: NM000540.3:c.14524G>A (p.Val4842Met) NM0005
RYR1	BA1	Stand Alone	0.00697	conflicting-panels		Congenital Myopathies Variant Curation Expert Panel	GN179	Released	MONDO:0100150	AR		The minor allele frequency using the filtering allele frequency of either exomes or genomes of continental populations in gnomAD is ≥0.00697 for AR variants. All populations used should have at least 2000 alleles and >1 observation. BA1 exclusion variants (well-known pathogenic variants that are above the specified BA1 or BS1 threshold) are as follows: NM000540.3:c.6721C>T (p.Arg2241Ter) NM000540.
RYR1	BS1	Strong	0.0008	conflicting-panels		Malignant Hyperthermia Susceptibility Variant Curation Expert Panel	GN012	Released	MONDO:0018493			Popmax allele frequency >0.0008 (0.08%)
RYR1	BS1	Strong	4.86e-06	conflicting-panels		Congenital Myopathies Variant Curation Expert Panel	GN150	Released	MONDO:0100150	AD	1029x tighter than the 0.005 default	The minor allele frequency using the filtering allele frequency of either exomes or genomes of continental populations in gnomAD is ≥0.00000486 for AD variants. All populations used should have at least 2000 alleles and >1 observation. BA1/BS1 exclusion variants (well-known pathogenic variants that are above the specified BA1 or BS1 threshold) are as follows: NM000540.3:c.14524G>A (p.Val4842Met) N
RYR1	BS1	Strong	0.000697	conflicting-panels		Congenital Myopathies Variant Curation Expert Panel	GN179	Released	MONDO:0100150	AR		The minor allele frequency using the filtering allele frequency of either exomes or genomes of continental populations in gnomAD is ≥0.000697 for AR variants. All populations used should have at least 2000 alleles and >1 observation. BA1/BS1 exclusion variants (well-known pathogenic variants that are above the specified BA1 or BS1 threshold) are as follows: NM000540.3:c.6721C>T (p.Arg2241Ter) NM00
RYR1	PM2			not-specified	VCEP marks this criterion Not Applicable, or omits it	Malignant Hyperthermia Susceptibility Variant Curation Expert Panel	GN012	Released	MONDO:0018493			
RYR1	PM2	Supporting		absence-required	specifies absence from controls, not a bar	Congenital Myopathies Variant Curation Expert Panel	GN150	Released	MONDO:0100150	AD		PM2Supporting may be applied if the minor allele frequency in population databases of at least 2000 alleles is absent (1 allele allowed) for autosomal dominant
RYR1	PM2	Supporting	6.97e-06	conflicting-panels		Congenital Myopathies Variant Curation Expert Panel	GN179	Released	MONDO:0100150	AR		PM2Supporting may be applied if the minor allele frequency in population databases of at least 2000 alleles is ≤ 0.00000697 for autosomal recessive
SCN1A	BA1	Stand Alone	0.0002	ok		Epilepsy Sodium Channel Variant Curation Expert Panel	GN067	Released	MONDO:0100135|MONDO:0018214|MONDO:0100062	AD	250x tighter than the 0.05 default	Allele frequency is above 0.02% in GnomAD or other large population database, must be greater than or equal to 5 alleles if a minimum of 10,000 alleles was assessed.
SCN1A	BS1	Strong	4e-06	ok		Epilepsy Sodium Channel Variant Curation Expert Panel	GN067	Released	MONDO:0100135|MONDO:0018214|MONDO:0100062	AD	1250x tighter than the 0.005 default	Allele frequency is above 0.0004% in GnomAD or other large population database, must be greater than or equal to 5 alleles if a minimum of 10,000 alleles was assessed.
SCN1A	PM2	Supporting		no-threshold	no inequality attached to a frequency	Epilepsy Sodium Channel Variant Curation Expert Panel	GN067	Released	MONDO:0100135|MONDO:0018214|MONDO:0100062	AD		One or fewer alleles, if a minimum of 10,000 alleles assessed in population databases, such as the Genome Aggregation Database (gnomAD). Caveat: Population data for indels may be poorly called by next generation sequencing.
SCN1B	BA1	Stand Alone	0.003	ok		Epilepsy Sodium Channel Variant Curation Expert Panel	GN076	Released	MONDO:0018214|MONDO:0100062	AD|AR		Allele frequency is above 0.3% in GnomAD or other large population database, must be greater than or equal to 5 alleles if a minimum of 10,000 alleles was assessed.
SCN1B	BS1	Strong	0.0001	ok		Epilepsy Sodium Channel Variant Curation Expert Panel	GN076	Released	MONDO:0018214|MONDO:0100062	AD|AR		Allele frequency is above 0.01% in GnomAD or other large population database, must be greater than or equal to 5 alleles if a minimum of 10,000 alleles was assessed.
SCN1B	PM2	Supporting		no-threshold	no inequality attached to a frequency	Epilepsy Sodium Channel Variant Curation Expert Panel	GN076	Released	MONDO:0018214|MONDO:0100062	AD|AR		One or fewer alleles, if a minimum of 10,000 alleles assessed in population databases, such as the Genome Aggregation Database (gnomAD). Caveat: Population data for indels may be poorly called by next generation sequencing.
SCN2A	BA1	Stand Alone	0.0001	ok		Epilepsy Sodium Channel Variant Curation Expert Panel	GN068	Released	MONDO:0100038	AD	500x tighter than the 0.05 default	Allele frequency is above 0.01% is gnomAD or other large population databases, must be greater than or equal to 5 alleles if a minimum of 10,000 alleles was assessed.
SCN2A	BS1	Strong	2e-06	ok		Epilepsy Sodium Channel Variant Curation Expert Panel	GN068	Released	MONDO:0100038	AD	2500x tighter than the 0.005 default	Allele frequency is above 0.0002% in GnomAD or other large population database, must be greater than or equal to 5 alleles if a minimum of 10,000 alleles was assessed.
SCN2A	PM2	Supporting		no-threshold	no inequality attached to a frequency	Epilepsy Sodium Channel Variant Curation Expert Panel	GN068	Released	MONDO:0100038	AD		One or fewer alleles, if a minimum of 10,000 alleles assessed in population databases, such as the Genome Aggregation Database (gnomAD). Caveat: Population data for indels may be poorly called by next generation sequencing.
SCN3A	BA1	Stand Alone	0.0001	ok		Epilepsy Sodium Channel Variant Curation Expert Panel	GN069	Released	MONDO:0100062	AD	500x tighter than the 0.05 default	Allele frequency is above 0.01% is gnomAD or other large population databases, must be greater than or equal to 5 alleles if a minimum of 10,000 alleles was assessed.
SCN3A	BS1	Strong	2e-06	ok		Epilepsy Sodium Channel Variant Curation Expert Panel	GN069	Released	MONDO:0100062	AD	2500x tighter than the 0.005 default	Allele frequency is above 0.0002% in GnomAD or other large population database, must be greater than or equal to 5 alleles if a minimum of 10,000 alleles was assessed.
SCN3A	PM2	Supporting		no-threshold	no inequality attached to a frequency	Epilepsy Sodium Channel Variant Curation Expert Panel	GN069	Released	MONDO:0100062	AD		One or fewer alleles, if a minimum of 10,000 alleles assessed in population databases, such as the Genome Aggregation Database (gnomAD). Caveat: Population data for indels may be poorly called by next generation sequencing.
SCN8A	BA1	Stand Alone	0.0001	ok		Epilepsy Sodium Channel Variant Curation Expert Panel	GN070	Released	MONDO:0100038	AD	500x tighter than the 0.05 default	Allele frequency is above 0.01% is gnomAD or other large population databases, must be greater than or equal to 5 alleles if a minimum of 10,000 alleles was assessed.
SCN8A	BS1	Strong	2e-06	ok		Epilepsy Sodium Channel Variant Curation Expert Panel	GN070	Released	MONDO:0100038	AD	2500x tighter than the 0.005 default	Allele frequency is above 0.0002% in GnomAD or other large population database, must be greater than or equal to 5 alleles if a minimum of 10,000 alleles was assessed.
SCN8A	PM2	Supporting		no-threshold	no inequality attached to a frequency	Epilepsy Sodium Channel Variant Curation Expert Panel	GN070	Released	MONDO:0100038	AD		One or fewer alleles, if a minimum of 10,000 alleles assessed in population databases, such as the Genome Aggregation Database (gnomAD). Caveat: Population data for indels may be poorly called by next generation sequencing.
SERPINC1	BA1	Stand Alone	0.002	ok		Thrombosis Variant Curation Expert Panel 	GN084	Released	MONDO:0013144	AD		Appropriate to use for variants with a popmax MAF of greater than or equal to 0.002 in gnomAD.
SERPINC1	BS1	Strong	0.0002	ok		Thrombosis Variant Curation Expert Panel 	GN084	Released	MONDO:0013144	AD		Appropriate to use for variants with a Popmax MAF of >0.0002 in gnomAD.
SERPINC1	PM2	Supporting	2e-05	ok		Thrombosis Variant Curation Expert Panel 	GN084	Released	MONDO:0013144	AD		Use code for variants with a popmax MAF of <0.00002 in gnomAD.
SGCA	BA1	Stand Alone	0.002	ok		Limb Girdle Muscular Dystrophy Variant Curation Expert Panel	GN189	Released	MONDO:0015152	AR		Apply if the variant Grpmax FAF (the lower bound of the 95% confidence interval of the maximum credible genetic ancestry group allele frequency) is >0.002. This value can be taken directly from gnomAD, but do not use data for which the variant does not pass quality control filters. See supplementary file “benign frequency exceptions” for a list of variants defined as exceptions to the benign frequ
SGCA	BS1	Strong	0.0009	ok		Limb Girdle Muscular Dystrophy Variant Curation Expert Panel	GN189	Released	MONDO:0015152	AR		Apply if the variant Grpmax FAF (the lower bound of the 95% confidence interval of the maximum credible genetic ancestry group allele frequency) is >0.0009. This value can be taken directly from gnomAD, but do not use data for which the variant does not pass quality control filters. See supplementary file “benign frequency exceptions” for a list of variants defined as exceptions to the benign freq
SGCA	PM2	Supporting	9e-05	ok		Limb Girdle Muscular Dystrophy Variant Curation Expert Panel	GN189	Released	MONDO:0015152	AR		Apply if the Grpmax variant allele frequency / upper bound of the 95% confidence interval (95% CI) of the Grpmax variant allele frequency in gnomAD is <0.00009. Do not use data for which the variant does not pass quality control filters. If only 1 or 2 variant alleles are present in the Grpmax population, use the Grpmax variant allele frequency If at least 3 variant alleles are present in the Grpm
SGCB	BA1	Stand Alone	0.002	ok		Limb Girdle Muscular Dystrophy Variant Curation Expert Panel	GN184	Released	MONDO:0015152	AR		Apply if the variant Grpmax FAF (the lower bound of the 95% confidence interval of the maximum credible genetic ancestry group allele frequency) is >0.002. This value can be taken directly from gnomAD, but do not use data for which the variant does not pass quality control filters. See supplementary file “benign frequency exceptions” for a list of variants defined as exceptions to the benign frequ
SGCB	BS1	Strong	0.0009	ok		Limb Girdle Muscular Dystrophy Variant Curation Expert Panel	GN184	Released	MONDO:0015152	AR		Apply if the variant Grpmax FAF (the lower bound of the 95% confidence interval of the maximum credible genetic ancestry group allele frequency) is >0.0009. This value can be taken directly from gnomAD, but do not use data for which the variant does not pass quality control filters. See supplementary file “benign frequency exceptions” for a list of variants defined as exceptions to the benign freq
SGCB	PM2	Supporting	9e-05	ok		Limb Girdle Muscular Dystrophy Variant Curation Expert Panel	GN184	Released	MONDO:0015152	AR		Apply if the Grpmax variant allele frequency / upper bound of the 95% confidence interval (95% CI) of the Grpmax variant allele frequency in gnomAD is <0.00009. Do not use data for which the variant does not pass quality control filters. If only 1 or 2 variant alleles are present in the Grpmax population, use the Grpmax variant allele frequency If at least 3 variant alleles are present in the Grpm
SGCD	BA1	Stand Alone	0.002	ok		Limb Girdle Muscular Dystrophy Variant Curation Expert Panel	GN186	Released	MONDO:0015152	AR		Apply if the variant Grpmax FAF (the lower bound of the 95% confidence interval of the maximum credible genetic ancestry group allele frequency) is >0.002. This value can be taken directly from gnomAD, but do not use data for which the variant does not pass quality control filters. See supplementary file “benign frequency exceptions” for a list of variants defined as exceptions to the benign frequ
SGCD	BS1	Strong	0.0009	ok		Limb Girdle Muscular Dystrophy Variant Curation Expert Panel	GN186	Released	MONDO:0015152	AR		Apply if the variant Grpmax FAF (the lower bound of the 95% confidence interval of the maximum credible genetic ancestry group allele frequency) is >0.0009. This value can be taken directly from gnomAD, but do not use data for which the variant does not pass quality control filters. See supplementary file “benign frequency exceptions” for a list of variants defined as exceptions to the benign freq
SGCD	PM2	Supporting	9e-05	ok		Limb Girdle Muscular Dystrophy Variant Curation Expert Panel	GN186	Released	MONDO:0015152	AR		Apply if the Grpmax variant allele frequency / upper bound of the 95% confidence interval (95% CI) of the Grpmax variant allele frequency in gnomAD is <0.00009. Do not use data for which the variant does not pass quality control filters. If only 1 or 2 variant alleles are present in the Grpmax population, use the Grpmax variant allele frequency If at least 3 variant alleles are present in the Grpm
SGCG	BA1	Stand Alone	0.002	ok		Limb Girdle Muscular Dystrophy Variant Curation Expert Panel	GN185	Released	MONDO:0015152	AR		Apply if the variant Grpmax FAF (the lower bound of the 95% confidence interval of the maximum credible genetic ancestry group allele frequency) is >0.002. This value can be taken directly from gnomAD, but do not use data for which the variant does not pass quality control filters. See supplementary file “benign frequency exceptions” for a list of variants defined as exceptions to the benign frequ
SGCG	BS1	Strong	0.0009	ok		Limb Girdle Muscular Dystrophy Variant Curation Expert Panel	GN185	Released	MONDO:0015152	AR		Apply if the variant Grpmax FAF (the lower bound of the 95% confidence interval of the maximum credible genetic ancestry group allele frequency) is >0.0009. This value can be taken directly from gnomAD, but do not use data for which the variant does not pass quality control filters. See supplementary file “benign frequency exceptions” for a list of variants defined as exceptions to the benign freq
SGCG	PM2	Supporting	9e-05	ok		Limb Girdle Muscular Dystrophy Variant Curation Expert Panel	GN185	Released	MONDO:0015152	AR		Apply if the Grpmax variant allele frequency / upper bound of the 95% confidence interval (95% CI) of the Grpmax variant allele frequency in gnomAD is <0.00009. Do not use data for which the variant does not pass quality control filters. If only 1 or 2 variant alleles are present in the Grpmax population, use the Grpmax variant allele frequency If at least 3 variant alleles are present in the Grpm
SHOC2	BA1	Stand Alone	0.0005	ok		RASopathy Variant Curation Expert Panel	GN038	Released	MONDO:0021060	AD	100x tighter than the 0.05 default	GnomAD filtering allele frequency ≥0.05%.
SHOC2	BS1	Strong	0.00025	ok		RASopathy Variant Curation Expert Panel	GN038	Released	MONDO:0021060	AD		GnomAD filtering allele frequency ≥0.025%.
SHOC2	PM2	Supporting		absence-required	specifies absence from controls, not a bar	RASopathy Variant Curation Expert Panel	GN038	Released	MONDO:0021060	AD		The variant must be absent from controls (gnomAD).
SLC19A3	BA1	Stand Alone	0.001	ok		Mitochondrial Diseases Variant Curation Expert Panel	GN014	Released	MONDO:0011841			>0.001 (>0.1%)
SLC19A3	BS1	Strong	0.0005	ok		Mitochondrial Diseases Variant Curation Expert Panel	GN014	Released	MONDO:0011841			>0.0005 (>0.050%)
SLC19A3	PM2	Moderate	5e-05	ok		Mitochondrial Diseases Variant Curation Expert Panel	GN014	Released	MONDO:0011841			<0.00005 (<0.0050%)
SLC26A4	BA1	Stand Alone		inheritance-conditioned	separate bars by inheritance: 0.001, 0.005	Hearing Loss Variant Curation Expert Panel	GN005	Released	MONDO:0010134			MAF of ≥0.005 (0.5%) for autosomal recessive; MAF of ≥0.001 (0.1%) for autosomal dominant.
SLC26A4	BS1	Strong		inheritance-conditioned	separate bars by inheritance: 0.0002, 0.003	Hearing Loss Variant Curation Expert Panel	GN005	Released	MONDO:0010134			MAF of ≥0.003 (0.3%) for autosomal recessive; MAF of ≥0.0002 (0.02%) for autosomal dominant. Likely benign, provided there is no conflicting evidence.
SLC26A4	PM2	Supporting		inheritance-conditioned	separate bars by inheritance: 2e-05, 7e-05	Hearing Loss Variant Curation Expert Panel	GN005	Released	MONDO:0010134			Absent/Rare in population databases (absent or ≤0.00007 (0.007%) for autosomal recessive, ≤0.00002 (0.002%) for autosomal dominant). Background: Rarity or absence in the general population is not robust evidence for pathogenicity, particularly for autosomal recessive disorders. However, the ACMG/AMP Guidelines were devised in such a way that absence or rarity were considered moderate evidence towa
SLC6A8	BA1	Stand Alone	0.002	ok		Cerebral Creatine Deficiency Syndromes Variant Curation Expert Panel	GN027	Released	MONDO:0010305	AR		Applicable when Grpmax Filtering Allele Frequency is ≥0.002 (0.2%) OR ≥10 homo- or hemizygotes (or the sum of total hemi- and homozygotes) are present in the most current version of gnomAD available at the time of curation.
SLC6A8	BS1	Strong	0.0002	ok		Cerebral Creatine Deficiency Syndromes Variant Curation Expert Panel	GN027	Released	MONDO:0010305	AR		Applicable when Grpmax Filtering Allele Frequency is ≥0.0002 (0.02%)
SLC6A8	PM2	Supporting	2e-05	ok		Cerebral Creatine Deficiency Syndromes Variant Curation Expert Panel	GN027	Released	MONDO:0010305	AR		Applicable when Grpmax Filtering Allele Frequency is ≤0.00002 (0.002%) AND 0 homo- or hemizygotes are present in the most current version of gnomAD available at the time of curation
SLC9A6	BA1	Stand Alone	8.3e-05	ok		Rett and Angelman-like Disorders Variant Curation Expert Panel	GN033	Released	MONDO:0010278	AR	602x tighter than the 0.05 default	Use large population databases (i.e. gnomAD). Use if variant is present at ≥0.000083 (0.0083%) in any sub-population. Use if allele frequency is met in any general continental population dataset of at least 2,000 observed alleles.
SLC9A6	BS1	Strong	8.3e-06	ok		Rett and Angelman-like Disorders Variant Curation Expert Panel	GN033	Released	MONDO:0010278	AR	602x tighter than the 0.005 default	Use large population databases (i.e. gnomAD). Use if variant is present at ≥0.0000083 (0.00083%) and <0.000083 (0.0083%) in any sub-population. Use if allele frequency is met in any general continental population dataset of at least 2,000 observed alleles.
SLC9A6	PM2	Supporting		absence-required	specifies absence from controls, not a bar	Rett and Angelman-like Disorders Variant Curation Expert Panel	GN033	Released	MONDO:0010278	AR		Absent/rare from controls in an ethnically-matched cohort population sample. Use if absent, zero observations in control databases.
SOS1	BA1	Stand Alone	0.0005	ok		RASopathy Variant Curation Expert Panel	GN041	Released	MONDO:0021060	AD	100x tighter than the 0.05 default	GnomAD filtering allele frequency ≥0.05%.
SOS1	BS1	Strong	0.00025	ok		RASopathy Variant Curation Expert Panel	GN041	Released	MONDO:0021060	AD		GnomAD filtering allele frequency ≥0.025%.
SOS1	PM2	Supporting		absence-required	specifies absence from controls, not a bar	RASopathy Variant Curation Expert Panel	GN041	Released	MONDO:0021060	AD		The variant must be absent from controls (gnomAD).
SOS2	BA1	Stand Alone	0.0005	ok		RASopathy Variant Curation Expert Panel	GN042	Released	MONDO:0021060	AD	100x tighter than the 0.05 default	GnomAD filtering allele frequency ≥0.05%.
SOS2	BS1	Strong	0.00025	ok		RASopathy Variant Curation Expert Panel	GN042	Released	MONDO:0021060	AD		GnomAD filtering allele frequency ≥0.025%.
SOS2	PM2	Supporting		absence-required	specifies absence from controls, not a bar	RASopathy Variant Curation Expert Panel	GN042	Released	MONDO:0021060	AD		The variant must be absent from controls (gnomAD).
TCF4	BA1	Stand Alone		ambiguous	2 disagreeing bars: 8.3e-05, 0.0005	Rett and Angelman-like Disorders Variant Curation Expert Panel	GN032	Released	MONDO:0012589	AD		Allele frequency above 0.05%. Use large population databases (i.e. gnomAD). Use if variant is present at ≥0.000083 (0.0083%) in any sub-population. Use if allele frequency is met in any general continental population dataset of at least 2,000 observed alleles.
TCF4	BS1	Strong	8.3e-06	ok		Rett and Angelman-like Disorders Variant Curation Expert Panel	GN032	Released	MONDO:0012589	AD	602x tighter than the 0.005 default	Allele frequency greater than expected for disease. Use large population databases (i.e. gnomAD). Use if variant is present at ≥0.0000083 (0.00083%) and <0.000083 (0.0083%) in any sub-population. Use if allele frequency is met in any general continental population dataset of at least 2,000 observed alleles.
TCF4	PM2	Supporting		absence-required	specifies absence from controls, not a bar	Rett and Angelman-like Disorders Variant Curation Expert Panel	GN032	Released	MONDO:0012589	AD		Absent/rare from controls in an ethnically-matched cohort population sample. Use if absent, zero observations in control databases.
TECTA	BA1	Stand Alone		inheritance-conditioned	separate bars by inheritance: 0.001, 0.005	Hearing Loss Variant Curation Expert Panel	GN005	Released	MONDO:0019497			MAF of ≥0.005 (0.5%) for autosomal recessive; MAF of ≥0.001 (0.1%) for autosomal dominant.
TECTA	BS1	Strong		inheritance-conditioned	separate bars by inheritance: 0.0002, 0.003	Hearing Loss Variant Curation Expert Panel	GN005	Released	MONDO:0019497			MAF of ≥0.003 (0.3%) for autosomal recessive; MAF of ≥0.0002 (0.02%) for autosomal dominant. Likely benign, provided there is no conflicting evidence.
TECTA	PM2	Supporting		inheritance-conditioned	separate bars by inheritance: 2e-05, 7e-05	Hearing Loss Variant Curation Expert Panel	GN005	Released	MONDO:0019497			Absent/Rare in population databases (absent or ≤0.00007 (0.007%) for autosomal recessive, ≤0.00002 (0.002%) for autosomal dominant). Background: Rarity or absence in the general population is not robust evidence for pathogenicity, particularly for autosomal recessive disorders. However, the ACMG/AMP Guidelines were devised in such a way that absence or rarity were considered moderate evidence towa
TNNI3	BA1	Stand Alone	0.001	ok		Cardiomyopathy Variant Curation Expert Panel	GN098	Released	MONDO:0005045	AD		Allele frequency is ≥0.001 based on the filtering allele frequency (FAF) in gnomAD in the subpopulation with the highest frequency (popmax). The values used to calculate the BA1 threshold were derived from studies in Northern European populations that have been relatively well-characterized with regards to disease prevalence and variant spectrum. These thresholds can be applied to any population w
TNNI3	BS1	Strong	0.0001	ok		Cardiomyopathy Variant Curation Expert Panel	GN098	Released	MONDO:0005045	AD		Allele frequency is ≥0.0001 for TNNI3 based on the filtering allele frequency (FAF) in gnomAD in the subpopulation with the highest frequency (popmax). Criterion BS1 may only be used as standalone evidence to classify a variant as Likely Benign in the absence of conflicting data. See SVI guidance (Tavtigian et al. 2018 ; Tavtigian et al. 2020 ). See BA1 for additional specifications that also appl
TNNI3	PM2	Supporting	4e-05	ok	ignored as out of range: 0.02	Cardiomyopathy Variant Curation Expert Panel	GN098	Released	MONDO:0005045	AD		The values used to calculate the PM2 thresholds were derived from studies in Northern European populations that have been relatively well-characterized with regards to disease prevalence and variant spectrum. These thresholds can be applied to any population where disease prevalence is considered comparable (1/500 or lower), where the most frequent pathogenic variant accounts for no more than 2% o
TNNT2	BA1	Stand Alone	0.001	ok		Cardiomyopathy Variant Curation Expert Panel	GN099	Released	MONDO:0005045|MONDO:0005021	AD		Allele frequency is ≥0.001 based on the filtering allele frequency (FAF) in gnomAD in the subpopulation with the highest frequency (popmax). The values used to calculate the BA1 threshold were derived from studies in Northern European populations that have been relatively well-characterized with regards to disease prevalence and variant spectrum. These thresholds can be applied to any population w
TNNT2	BS1	Strong	0.0001	ok		Cardiomyopathy Variant Curation Expert Panel	GN099	Released	MONDO:0005045|MONDO:0005021	AD		Allele frequency is ≥0.0001 for TNNT2 based on the filtering allele frequency (FAF) in gnomAD in the subpopulation with the highest frequency (popmax). Criterion BS1 may only be used as standalone evidence to classify a variant as Likely Benign in the absence of conflicting data. See SVI guidance (Tavtigian et al. 2018 ; Tavtigian et al. 2020 ). See BA1 for additional specifications that also appl
TNNT2	PM2	Supporting	4e-05	ok	ignored as out of range: 0.02	Cardiomyopathy Variant Curation Expert Panel	GN099	Released	MONDO:0005045|MONDO:0005021	AD		The values used to calculate the PM2 thresholds were derived from studies in Northern European populations that have been relatively well-characterized with regards to disease prevalence and variant spectrum. These thresholds can be applied to any population where disease prevalence is considered comparable (1/500 or lower), where the most frequent pathogenic variant accounts for no more than 2% o
TP53	BA1	Stand Alone	0.001	ok		TP53 Variant Curation Expert Panel	GN009	Released	MONDO:0018875	AD		Filtering allele frequency (FAF) of ≥ 0.001 or 0.1% in gnomAD continental subpopulations of a single genetic ancestry group (excluding genetic ancestry groups influenced by founder effects, such as Ashkenazi Jewish, Finnish, Amish, Middle Eastern, and “Remaining”). Genetic ancestry group must have ≥2,000 alleles tested and a minimum of 2 alleles present. Caution should be exerted if the majority o
TP53	BS1	Strong	0.0003	ok		TP53 Variant Curation Expert Panel	GN009	Released	MONDO:0018875	AD		Filtering allele frequency (FAF) of ≥ 0.0003 but < 0.001 in gnomAD continental subpopulations of a single genetic ancestry group (excluding genetic ancestry groups influenced by founder effects, such as Ashkenazi Jewish, Finnish, Amish, Middle Eastern, and “Remaining”). Genetic ancestry group must have ≥2,000 alleles tested and a minimum of 2 alleles present. Caution should be exerted if the major
TP53	PM2	Supporting	3e-05	ok		TP53 Variant Curation Expert Panel	GN009	Released	MONDO:0018875	AD		This rule should be applied at supporting level. Variant should have an allele frequency of less than 0.00003 (0.003%) in gnomAD or another large sequenced population. If multiple alleles are present within any genetic ancestry group, allele frequency in that group must be 0.00003 with no single genetic ancestry group having multiple alleles with a frequency >0.00004, curators should recalculate t
TPM1	BA1	Stand Alone	0.001	ok		Cardiomyopathy Variant Curation Expert Panel	GN100	Released	MONDO:0005045	AD		Allele frequency is ≥0.001 based on the filtering allele frequency (FAF) in gnomAD in the subpopulation with the highest frequency (popmax). The values used to calculate the BA1 threshold were derived from studies in Northern European populations that have been relatively well-characterized with regards to disease prevalence and variant spectrum. These thresholds can be applied to any population w
TPM1	BS1	Strong	0.0001	ok		Cardiomyopathy Variant Curation Expert Panel	GN100	Released	MONDO:0005045	AD		Allele frequency is ≥0.0001 for TPM1 based on the filtering allele frequency (FAF) in gnomAD in the subpopulation with the highest frequency (popmax). Criterion BS1 may only be used as standalone evidence to classify a variant as Likely Benign in the absence of conflicting data. See SVI guidance (Tavtigian et al. 2018 ; Tavtigian et al. 2020 ). See BA1 for additional specifications that also apply
TPM1	PM2	Supporting	4e-05	ok	ignored as out of range: 0.02	Cardiomyopathy Variant Curation Expert Panel	GN100	Released	MONDO:0005045	AD		The values used to calculate the PM2 thresholds were derived from studies in Northern European populations that have been relatively well-characterized with regards to disease prevalence and variant spectrum. These thresholds can be applied to any population where disease prevalence is considered comparable (1/500 or lower), where the most frequent pathogenic variant accounts for no more than 2% o
UBE3A	BA1	Stand Alone	8.3e-05	ok		Rett and Angelman-like Disorders Variant Curation Expert Panel	GN037	Released	MONDO:0007113	AD	602x tighter than the 0.05 default	Use large population databases (i.e. gnomAD). Use if variant is present at ≥0.000083 (0.0083%) in any sub-population. Use if allele frequency is met in any general continental population dataset of at least 2,000 observed alleles.
UBE3A	BS1	Strong	8.3e-06	ok		Rett and Angelman-like Disorders Variant Curation Expert Panel	GN037	Released	MONDO:0007113	AD	602x tighter than the 0.005 default	Use large population databases (i.e. gnomAD). Use if variant is present at ≥0.0000083 (0.00083%) and <0.000083 (0.0083%) in any sub-population. Use if allele frequency is met in any general continental population dataset of at least 2,000 observed alleles.
UBE3A	PM2	Supporting		absence-required	specifies absence from controls, not a bar	Rett and Angelman-like Disorders Variant Curation Expert Panel	GN037	Released	MONDO:0007113	AD		Absent/rare from controls in an ethnically-matched cohort population sample. Use if absent, zero observations in control databases.
USH2A	BA1	Stand Alone		inheritance-conditioned	separate bars by inheritance: 0.001, 0.005	Hearing Loss Variant Curation Expert Panel	GN005	Released	MONDO:0019501			MAF of ≥0.005 (0.5%) for autosomal recessive; MAF of ≥0.001 (0.1%) for autosomal dominant.
USH2A	BS1	Strong		inheritance-conditioned	separate bars by inheritance: 0.0002, 0.003	Hearing Loss Variant Curation Expert Panel	GN005	Released	MONDO:0019501			MAF of ≥0.003 (0.3%) for autosomal recessive; MAF of ≥0.0002 (0.02%) for autosomal dominant. Likely benign, provided there is no conflicting evidence.
USH2A	PM2	Supporting		inheritance-conditioned	separate bars by inheritance: 2e-05, 7e-05	Hearing Loss Variant Curation Expert Panel	GN005	Released	MONDO:0019501			Absent/Rare in population databases (absent or ≤0.00007 (0.007%) for autosomal recessive, ≤0.00002 (0.002%) for autosomal dominant). Background: Rarity or absence in the general population is not robust evidence for pathogenicity, particularly for autosomal recessive disorders. However, the ACMG/AMP Guidelines were devised in such a way that absence or rarity were considered moderate evidence towa
VHL	BA1	Stand Alone	0.000156	ok		VHL Variant Curation Expert Panel	GN078	Released	MONDO:0008667	AD	321x tighter than the 0.05 default	Use a BA1 cut off of >=0.000156 (0.0156%) GroupMax Filtering Allele Frequency in gnomAD (based on gnomAD v4 release).
VHL	BS1	Strong	1.56e-05	ok		VHL Variant Curation Expert Panel	GN078	Released	MONDO:0008667	AD	321x tighter than the 0.005 default	Use BS1 cut off of >=0.0000156 (0.00156%) GroupMax Filtering Allele Frequency in gnomAD (based on gnomAD v4).
VHL	PM2	Supporting	1.56e-06	ok		VHL Variant Curation Expert Panel	GN078	Released	MONDO:0008667	AD		PM2Supporting can be applied for variants either absent from gnomAD or with <= 0.00000156 (0.000156%) GroupMax Filtering Allele Frequency in gnomAD (based on gnomAD v4 release). If no GroupMax Filtering Allele Frequency is calculated (ex. due to a single variant present), PM2Supporting may also be applied.
VWF	BA1	Stand Alone	0.1	conflicting-panels		von Willebrand Disease  Variant Curation Expert Panel	GN081	Released	MONDO:0015628|MONDO:0015629|MONDO:0015630|MONDO:0013304|MONDO:0024574	AD	looser than the 0.05 default	Appropriate to use for variants with a Popmax MAF of >0.1 in gnomAD.
VWF	BA1	Stand Alone	0.1	conflicting-panels		von Willebrand Disease  Variant Curation Expert Panel	GN090	Released	MONDO:0015631	AR	looser than the 0.05 default	Appropriate to use for variants with a Popmax MAF of >0.1 in gnomAD.
VWF	BS1	Strong	0.01	conflicting-panels		von Willebrand Disease  Variant Curation Expert Panel	GN081	Released	MONDO:0015628|MONDO:0015629|MONDO:0015630|MONDO:0013304|MONDO:0024574	AD	looser than the 0.005 default	Appropriate to use for variants with a Popmax MAF of >0.01 in gnomAD.
VWF	BS1	Strong	0.01	conflicting-panels		von Willebrand Disease  Variant Curation Expert Panel	GN090	Released	MONDO:0015631	AR	looser than the 0.005 default	Appropriate to use for variants with a Popmax MAF of >0.01 in gnomAD.
VWF	PM2	Supporting	0.0001	conflicting-panels		von Willebrand Disease  Variant Curation Expert Panel	GN081	Released	MONDO:0015628|MONDO:0015629|MONDO:0015630|MONDO:0013304|MONDO:0024574	AD		Use code for variants with a popmax MAF of <0.0001 in gnomAD.
VWF	PM2	Supporting	0.005	conflicting-panels		von Willebrand Disease  Variant Curation Expert Panel	GN090	Released	MONDO:0015631	AR	looser than the 0.0001 default	Use code for variants with a popmax MAF of <0.005 in gnomAD.
